bar_ts,trade_date,nav,capital_used,capital_usage,return_rate,future_close,iv_avg,pnl_future,pnl_option,pnl_total,name
2025-01-06T15:00:00.000000,2025-01-06,999982.1871641079,4757.7257676155305,0.004757810517713488,0.0,7611.0,0.4,0.0,0.0,0.0,open
2025-01-07T15:00:00.000000,2025-01-07,999854.4380824568,7616.185005648616,0.007617293793539694,-0.00012775135726506015,7733.0,0.42327924415469165,-508.47509631539043,390.0,-118.47509631539043,mtm
2025-01-08T15:00:00.000000,2025-01-08,999913.4652791977,7625.025788193384,0.007625685674774177,-0.00006872310906369528,7740.0,0.4429691314697265,-554.4414111584704,495.0,-59.441411158470345,mtm
2025-01-09T15:00:00.000000,2025-01-09,999777.5345216807,4862.369665593203,0.004863451615683168,-0.00020465628793608914,7757.0,0.46891352474689485,-666.1023949995655,480.0,-186.1023949995655,mtm
2025-01-10T15:00:00.000000,2025-01-10,999804.3343168297,7684.18773883775,0.007685691564928438,-0.0001778560153982145,7804.0,0.47428688257932655,-862.4914830753142,712.5,-149.99148307531425,mtm
2025-01-13T15:00:00.000000,2025-01-13,999486.0190173681,10076.521021875533,0.010081702825400335,-0.0004961769850589937,7769.0,0.48423094242811193,-632.7174627386136,172.5,-460.21746273861356,mtm
2025-01-14T15:00:00.000000,2025-01-14,999818.5876861772,4716.535938559241,0.004717391731508463,-0.00016360239215318373,7595.0,0.514713893532753,871.9721213408678,-982.5,-110.52787865913217,mtm
2025-01-15T15:00:00.000000,2025-01-15,999385.0125528397,197.90388956569322,0.00019802567286872295,-0.0005971852488310114,7674.0,0.4649838680028915,544.9419855164604,-1072.5,-527.5580144835396,mtm
2025-01-16T15:00:00.000000,2025-01-16,1000565.3153483372,4197.288305642306,0.004194916854759313,0.0005831385715808768,7858.0,0.4,544.9419855164604,-1072.5,-527.5580144835396,open
2025-01-17T15:00:00.000000,2025-01-17,1000610.7563333246,1081.5452908563727,0.001080885133415543,0.0006285803660155409,7821.0,0.42407896429300307,413.20011829420207,-885.0,-471.79988170579793,mtm
2025-01-20T15:00:00.000000,2025-01-20,1000612.6614981988,1075.5508035102444,0.0010748922584088055,0.0006304855648266994,7758.0,0.43978071853518486,355.1136265917552,-825.0,-469.8863734082448,mtm
2025-01-21T15:00:00.000000,2025-01-21,1000106.3651077551,4125.260800446089,0.004124822063302855,0.00012418015564796825,7773.0,0.45507877260446544,368.9760042558996,-1335.0,-966.0239957441004,mtm
2025-01-22T15:00:00.000000,2025-01-22,1000269.2709870674,4173.661818902923,0.004172538275402929,0.0002870889368276064,7800.0,0.4280278512090444,464.4954557946382,-1267.5,-803.0045442053618,mtm
2025-01-23T15:00:00.000000,2025-01-23,999828.8192808701,1086.2263455911575,0.0010864123184330984,-0.00015337061520337425,7713.0,0.44338423334062094,154.1772754378411,-1387.5,-1233.3227245621588,mtm
2025-01-24T15:00:00.000000,2025-01-24,999501.6094540544,7031.883359678791,0.007035389731407968,-0.00048058627065783455,7769.0,0.42089461386203764,206.75928747724447,-1747.5,-1540.7407125227555,mtm
2025-01-27T15:00:00.000000,2025-01-27,999469.7074963597,4152.206788980794,0.004154409841376726,-0.0005124887966270197,7677.0,0.4153040603548288,-348.32595063338806,-1215.0,-1563.325950633388,mtm
2025-02-05T15:00:00.000000,2025-02-05,1000075.9393333193,5133.842588335003,0.005133452757354983,0.00009375383923315717,8091.0,0.45259050399065015,1144.6057754670574,-2070.0,-925.3942245329426,mtm
2025-02-06T15:00:00.000000,2025-02-06,999755.3770627251,7969.15050409407,0.007971100418091657,-0.00022681414158587376,8028.0,0.46502990476787087,1411.1277789343303,-2647.5,-1236.3722210656697,mtm
2025-02-07T15:00:00.000000,2025-02-07,999608.9197112616,5081.4944771619585,0.005083482526976405,-0.0003732741019165653,8043.0,0.44754611998796456,1311.8509042601406,-2685.0,-1373.1490957398594,mtm
2025-02-10T15:00:00.000000,2025-02-10,999490.2661243759,5055.854972108654,0.005058433426983977,-0.0004919298023968732,8048.0,0.45019424960017207,1290.7933122400648,-2782.5,-1491.7066877599352,mtm
2025-02-11T15:00:00.000000,2025-02-11,999165.8527990084,7866.588358498679,0.007873155729313257,-0.0008163489065886598,7962.0,0.48271026134490963,1650.9325199903833,-3457.5,-1806.5674800096167,mtm
2025-02-12T15:00:00.000000,2025-02-12,999062.7410186604,1889.6559651508092,0.0018914287237096698,-0.0009194625236825793,7953.0,0.4594680556654929,1710.2194461095112,-3600.0,-1889.7805538904888,mtm
2025-02-13T15:00:00.000000,2025-02-13,999040.6711342388,1894.8208699216163,0.0018966403717782312,-0.0009415328012383206,8019.0,0.4632790695130824,1605.6846179795546,-3517.5,-1911.8153820204452,mtm
2025-02-14T15:00:00.000000,2025-02-14,1000847.4771534092,5140.687027156659,0.005136334101353485,0.0008653054028444629,8246.0,0.46636505991220467,1248.1326960115011,-1342.5,-94.36730398849886,mtm
2025-02-17T15:00:00.000000,2025-02-17,998904.3206823345,14207.539312892923,0.014223123294919773,-0.0010778856819742,8006.0,0.5676305231451988,2245.69779856234,-4252.5,-2006.8022014376602,mtm
2025-02-18T15:00:00.000000,2025-02-18,998253.3011492387,6882.9856201475595,0.006895029159656697,-0.0017289168117805565,8064.0,0.4756634782254695,1559.4460772558186,-4192.5,-2633.0539227441814,mtm
2025-02-19T15:00:00.000000,2025-02-19,998301.6583045974,1178.4231267899208,0.001180427896705312,-0.0016805587950284862,8132.0,0.4,1559.4460772558186,-4192.5,-2633.0539227441814,open
2025-02-20T15:00:00.000000,2025-02-20,998402.4800099052,2170.0483688711456,0.002173520611496895,-0.001579735293768203,8147.0,0.49107639439404005,1573.9358128222266,-4095.0,-2521.0641871777734,mtm
2025-02-21T15:00:00.000000,2025-02-21,998129.8803709178,2162.8998552187113,0.0021669523152787994,-0.0018523397886146542,8102.0,0.5033213732391597,1653.8522997036807,-4447.5,-2793.6477002963193,mtm
2025-02-24T15:00:00.000000,2025-02-24,997608.4005103271,294.1945696933864,0.0002948998520290036,-0.0023738289384060973,8087.0,0.4920964089781046,1680.5508453323575,-4987.5,-3306.9491546676427,mtm
2025-02-25T15:00:00.000000,2025-02-25,996808.6415353026,1126.8314241467497,0.001130439060411017,-0.003173602159659672,8017.0,0.47662325210869305,1663.5758148534285,-5767.5,-4103.924185146571,mtm
2025-02-26T15:00:00.000000,2025-02-26,996759.713862989,4276.940531963763,0.004290844094599569,-0.0032225307035295137,7904.0,0.42155778050422665,1557.70144870925,-5700.0,-4142.29855129075,mtm
2025-02-27T15:00:00.000000,2025-02-27,996737.7165942279,4295.502384035373,0.004309561394659326,-0.0032445283641312495,7900.0,0.40647650696337223,1543.2732676003575,-5707.5,-4164.226732399642,mtm
2025-02-28T15:00:00.000000,2025-02-28,996567.3549599521,4272.506714093851,0.004287223229648683,-0.0034148930330849536,7853.0,0.4117190788686276,1372.9201661597315,-5707.5,-4334.579833840268,mtm
2025-03-03T15:00:00.000000,2025-03-03,996293.2156995335,9790.862733845834,0.009827290379540842,-0.003689037176788257,7890.0,0.3932574020326137,1507.1083250181719,-6097.5,-4590.391674981828,mtm
2025-03-04T15:00:00.000000,2025-03-04,996259.4631834825,4356.245995437031,0.0043726018737296896,-0.00372279029407796,7938.0,0.40283737853169443,1904.1631790803785,-6510.0,-4605.8368209196215,mtm
2025-03-05T15:00:00.000000,2025-03-05,996221.2106695824,4395.960665621043,0.004412635083995471,-0.0037610434893760036,7987.0,0.3979300224781036,2083.4504903397774,-6727.5,-4644.049509660223,mtm
2025-03-06T15:00:00.000000,2025-03-06,996378.2318367055,2643.0121005321776,0.0026526192725628873,-0.003604019525210722,8058.0,0.4041932465136051,2343.9421217902077,-6825.0,-4481.057878209793,mtm
2025-03-07T15:00:00.000000,2025-03-07,996219.2607002814,3270.9745136552765,0.0032833881482636474,-0.0037629934934121367,8048.0,0.41920530922710886,2322.073366696512,-6960.0,-4637.926633303488,mtm
2025-03-10T15:00:00.000000,2025-03-10,995899.6397169357,4412.802193649314,0.004430970770210906,-0.004082620170215323,8056.0,0.4170890265703201,2343.74763739837,-7297.5,-4953.75236260163,mtm
2025-03-11T15:00:00.000000,2025-03-11,995437.9928544112,1300.0878402394103,0.0013060460315678908,-0.004544275256125996,7994.0,0.4232037468254566,2117.3603654947615,-7522.5,-5405.139634505239,mtm
2025-03-12T15:00:00.000000,2025-03-12,995415.9060595352,1486.8914177888526,0.0014937388570320097,-0.004566362444437533,8071.0,0.39704700618982314,2200.8536315909773,-7627.5,-5426.646368409023,mtm
2025-03-13T15:00:00.000000,2025-03-13,995028.244396376,1905.813139925223,0.0019153357210290704,-0.004954031013073346,8131.0,0.4201052130758762,2274.536830377472,-8077.5,-5802.963169622528,mtm
2025-03-14T15:00:00.000000,2025-03-14,996518.3830292454,1924.0361030085862,0.0019307582637460691,-0.003463865836136115,8358.0,0.38405203580856323,1919.7933801680429,-6232.5,-4312.706619831957,mtm
2025-03-17T15:00:00.000000,2025-03-17,996068.2103481184,13018.567764070323,0.013069956082144646,-0.003914046536258042,8334.0,0.4860469111800193,1956.6221663587435,-6682.5,-4725.877833641256,mtm
2025-03-18T15:00:00.000000,2025-03-18,995774.7737275542,8757.484678568671,0.008794644039621689,-0.0042074883838537636,8350.0,0.5249468359351159,1789.9811648254847,-6795.0,-5005.018835174515,mtm
2025-03-19T15:00:00.000000,2025-03-19,995580.7407709789,13887.56358543944,0.013949208754967373,-0.004401524796767919,8356.0,0.511282471716404,1748.0333371959427,-6930.0,-5181.966662804057,mtm
2025-03-20T15:00:00.000000,2025-03-20,995236.6131573737,2136.162735370153,0.0021463868060412365,-0.004745658540370901,8347.0,0.4,1748.0333371959427,-6930.0,-5181.966662804057,open
2025-03-21T15:00:00.000000,2025-03-21,994962.5270100792,1149.1273139112018,0.00115494531976435,-0.005019749570003951,8198.0,0.4345144091546535,2002.2724487155392,-7447.5,-5445.227551284461,mtm
2025-03-24T15:00:00.000000,2025-03-24,994555.8020305815,4445.75095237919,0.004470086990898161,-0.005426481794556071,8240.0,0.4055151318013668,2041.516590646203,-7882.5,-5840.9834093537975,mtm
2025-03-25T15:00:00.000000,2025-03-25,994110.3881338495,1320.6928714841054,0.0013285173228732865,-0.005871903625514041,8240.0,0.3972207152843475,2041.516590646203,-8317.5,-6275.9834093537975,mtm
2025-03-26T15:00:00.000000,2025-03-26,994434.2882165993,397.25221738654864,0.0003994755833479693,-0.005547997773082458,8352.0,0.3730190767347812,2161.2029942430513,-8107.5,-5946.297005756949,mtm
2025-03-27T15:00:00.000000,2025-03-27,993931.7699344209,2082.2004908836775,0.002094912904354652,-0.006050525006695895,8358.0,0.39258335262537003,2159.3002550352867,-8602.5,-6443.199744964713,mtm
2025-03-28T15:00:00.000000,2025-03-28,994633.3614568952,5377.184903973705,0.005406198014610571,-0.005348920986664396,8498.0,0.36282149590551843,1926.758799786057,-7657.5,-5730.741200213943,mtm
2025-03-31T15:00:00.000000,2025-03-31,994543.0302111146,7726.558638182524,0.007768953583177175,-0.0054392538415293235,8498.0,0.4039230010658502,1926.758799786057,-7740.0,-5813.241200213943,mtm
2025-04-01T15:00:00.000000,2025-04-01,994781.7560854916,5352.764876897342,0.00538084343038286,-0.005200523714691707,8419.0,0.42167446628212923,2405.662995545257,-7972.5,-5566.837004454742,mtm
2025-04-02T15:00:00.000000,2025-04-02,994560.6176666064,5338.912698554604,0.005368111911650515,-0.005421666072749409,8388.0,0.439387159794569,2537.0476566466473,-8325.0,-5787.952343353352,mtm
2025-04-03T15:00:00.000000,2025-04-03,994305.3909113894,5254.223180525215,0.00528431529040504,-0.005676897374359835,8282.0,0.42802061580121514,2986.8818198807962,-9030.0,-6043.118180119203,mtm
2025-04-07T15:00:00.000000,2025-04-07,1004044.6717227967,16783.411566329138,0.01671580163612761,0.004062556924348648,7606.0,0.38934322431683543,5845.691865814177,-2077.5,3768.1918658141767,mtm
2025-04-08T15:00:00.000000,2025-04-08,1003302.975801252,12390.15621136091,0.012349366552477288,0.003320847790860837,7680.0,0.715375000834465,6934.173127170341,-3892.5,3041.673127170341,mtm
2025-04-09T15:00:00.000000,2025-04-09,1003640.9231969031,14920.338566562077,0.01486621183105631,0.003658801206420703,7754.0,0.4990491762757301,7730.148175752202,-4342.5,3387.6481757522024,mtm
2025-04-10T15:00:00.000000,2025-04-10,1003553.4361992279,12910.407165820983,0.012864693298960492,0.003571312650326286,7970.0,0.6319535656273365,10500.736158977274,-7192.5,3308.236158977274,mtm
2025-04-11T15:00:00.000000,2025-04-11,1003811.6621724258,12070.47407130463,0.012024640205097829,0.003829543223342835,7965.0,0.5228414212167263,10446.734911233005,-6877.5,3569.2349112330057,mtm
2025-04-14T15:00:00.000000,2025-04-14,1003981.7355000885,10032.517495783679,0.00999272909161682,0.003999619580547842,8085.0,0.5829585863649844,11659.207603203231,-7912.5,3746.707603203233,mtm
2025-04-15T15:00:00.000000,2025-04-15,1003216.070821662,7410.122836244443,0.007386367754431351,0.0032339412632191866,8154.0,0.6312899838387965,12230.06964278511,-9240.0,2990.069642785112,mtm
2025-04-16T15:00:00.000000,2025-04-16,1003186.6844532422,5466.643787149991,0.005449278655576879,0.0032045543713354885,8227.0,0.5263248845934867,12672.382672261425,-9705.0,2967.382672261426,mtm
2025-04-17T15:00:00.000000,2025-04-17,1002828.6106177226,1362.3392685713031,0.0013584966106343227,0.0028464741573916985,8156.0,0.5301719272136688,12357.832592491364,-9735.0,2622.832592491365,mtm
2025-04-18T15:00:00.000000,2025-04-18,1002257.9403162572,7555.263900691492,0.007538242997912762,0.0022757936904889142,8147.0,0.5167498898506164,12347.809476874962,-10275.0,2072.8094768749634,mtm
2025-04-21T15:00:00.000000,2025-04-21,1002210.4551368734,1188.4602988505026,0.00118583905482027,0.002228307665244289,8247.0,0.4,12347.809476874962,-10275.0,2072.8094768749634,open
2025-04-22T15:00:00.000000,2025-04-22,1002518.8406583495,2268.9457605497346,0.0022632450070062806,0.002536698680038807,8174.0,0.5667863526940344,12277.68383367267,-9885.0,2392.6838336726723,mtm
2025-04-23T15:00:00.000000,2025-04-23,1002034.2564555914,968.490437012726,0.0009665242787591743,0.0020521058453082386,8199.0,0.6057077612727881,12231.415734051565,-10312.5,1918.9157340515665,mtm
2025-04-24T15:00:00.000000,2025-04-24,1002019.3425530414,1657.9880644111756,0.00165464676578677,0.0020371916770944853,8296.0,0.5870457318425177,12307.794299707813,-10395.0,1912.7942997078148,mtm
2025-04-25T15:00:00.000000,2025-04-25,1001603.5726112127,2281.7377712407697,0.002278084697014614,0.0016214143290922411,8280.0,0.5782590703666209,12329.1141824439,-10830.0,1499.1141824439017,mtm
2025-04-28T15:00:00.000000,2025-04-28,1001044.1882786858,2201.679123488059,0.002199382554004821,0.0010620200321664885,8168.0,0.5591811680793763,12534.895332522648,-11595.0,939.8953325226505,mtm
2025-04-29T15:00:00.000000,2025-04-29,1001083.6904595926,1099.8920192307191,0.0010987013670413152,0.001101522916731712,8215.0,0.5405372864753006,12450.444979970622,-11460.0,990.444979970623,mtm
2025-04-30T15:00:00.000000,2025-04-30,1001905.800824284,2185.8946673780097,0.0021817367117543777,0.0019236479258009087,8182.0,0.560719789415598,12420.992508999732,-10597.5,1823.4925089997337,mtm
2025-05-06T15:00:00.000000,2025-05-06,999002.912568462,1094.2999368557978,0.0010953921385897913,-0.0009792920396143323,8235.0,0.6384412503987551,12326.586900125447,-13395.0,-1068.4130998745527,mtm
2025-05-07T15:00:00.000000,2025-05-07,998767.4611182264,2056.7004475344675,0.002059238539100756,-0.0012147476839826643,8252.0,0.4796525305509567,12341.64558363297,-13635.0,-1293.3544163670292,mtm
2025-05-08T15:00:00.000000,2025-05-08,998962.4504993291,1997.895703456383,0.001999970772132365,-0.001019754829504227,8094.0,0.46813135936856265,12604.201060953561,-13702.5,-1098.2989390464375,mtm
2025-05-09T15:00:00.000000,2025-05-09,998248.5585780686,2373.2459707309717,0.00237740986484517,-0.0017336594674308703,8168.0,0.47008954539895054,12482.440498309741,-14280.0,-1797.5595016902573,mtm
2025-05-12T15:00:00.000000,2025-05-12,998271.471697455,1328.091566059728,0.0013303911848762428,-0.001710745939889513,8232.0,0.43875343888998025,12606.397856187063,-14377.5,-1771.102143812935,mtm
2025-05-13T15:00:00.000000,2025-05-13,997919.9515463245,1315.0210702651802,0.0013177620792404164,-0.002062272352702288,8219.0,0.4714273841679096,12592.414282288066,-14715.0,-2122.585717711932,mtm
2025-05-14T15:00:00.000000,2025-05-14,997427.2347138269,1331.5248231883945,0.0013349593602889978,-0.002554997962040395,8172.0,0.454963391572237,12542.276656851382,-15157.5,-2615.2233431486156,mtm
2025-05-15T15:00:00.000000,2025-05-15,997827.5945831058,4466.614014038765,0.0044763384359047765,-0.0021546309610898096,7991.0,0.4235670591890811,12345.685129026599,-14550.0,-2204.3148709733982,mtm
2025-05-16T15:00:00.000000,2025-05-16,997215.4998958512,7483.986476494069,0.007504883826289999,-0.002766736551680804,8083.0,0.42221599504351615,12688.476936936757,-15495.0,-2806.52306306324,mtm
2025-05-19T15:00:00.000000,2025-05-19,996729.0920331192,10187.148133999757,0.01022057870631638,-0.003253153078870641,8115.0,0.39098053187131876,12885.980851230725,-16170.0,-3284.019148769272,mtm
2025-05-20T15:00:00.000000,2025-05-20,996326.4265227849,5150.0776656735925,0.0051690666116802194,-0.00365582576194734,8059.0,0.38072404474020005,12417.364500293228,-16087.5,-3670.135499706769,mtm
2025-05-21T15:00:00.000000,2025-05-21,996687.6485343263,4443.736335898172,0.0044585044697131385,-0.0032945973159028696,8261.0,0.4,12417.364500293228,-16087.5,-3670.135499706769,open
2025-05-22T15:00:00.000000,2025-05-22,996567.1227908552,1179.816242490419,0.001183880358391094,-0.003415125206317482,8289.0,0.4254560047388076,12517.765723863846,-16297.5,-3779.7342761361524,mtm
2025-05-23T15:00:00.000000,2025-05-23,995957.3110216461,1188.982941646552,0.001193809140701926,-0.004024947838197068,8255.0,0.4195079212635755,12485.499858241876,-16875.0,-4389.5001417581225,mtm
2025-05-26T15:00:00.000000,2025-05-26,995325.5565241536,1249.8372539620289,0.0012557069852869784,-0.0046567135892292555,8269.0,0.3842757403850555,12498.941486970625,-17520.0,-5021.058513029373,mtm
2025-05-27T15:00:00.000000,2025-05-27,995041.0005235376,1274.1184206676144,0.0012804682621090399,-0.00494127465868488,8210.0,0.3583404061943292,12439.496149218143,-17745.0,-5305.503850781855,mtm
2025-05-28T15:00:00.000000,2025-05-28,994915.3556593686,4520.108829451035,0.00454320943358582,-0.00506692176098511,8215.0,0.34330015800893304,12444.66866656108,-17865.0,-5420.331333438918,mtm
2025-05-29T15:00:00.000000,2025-05-29,994972.6791664095,1516.6722209234988,0.0015243355447650787,-0.005009597232831786,8217.0,0.34146685689687717,12452.004283300806,-17805.0,-5352.99571669919,mtm
2025-05-30T15:00:00.000000,2025-05-30,994913.306194917,1299.8161476216303,0.0013064617183509441,-0.005068971261944166,8212.0,0.3526956760883331,12445.851089096459,-17857.5,-5411.648910903538,mtm
2025-06-03T15:00:00.000000,2025-06-03,995547.542227353,9460.215294785146,0.009502524885571682,-0.004434723931764584,8442.0,0.3546343502402305,12688.575242947934,-17430.0,-4741.424757052064,mtm
2025-06-04T15:00:00.000000,2025-06-04,995281.2829358398,5980.314980905919,0.006008668186008112,-0.004700987966195225,8456.0,0.4005493587255478,12583.974232324095,-17580.0,-4996.025767675903,mtm
2025-06-05T15:00:00.000000,2025-06-05,995196.354229123,5321.867898112499,0.005347555661249188,-0.00478591818576013,8464.0,0.3916591923683881,12546.259208614192,-17625.0,-5078.740791385805,mtm
2025-06-06T15:00:00.000000,2025-06-06,998189.3875260022,13849.546346861454,0.013874667993803613,-0.0017928315735202816,8842.0,0.3945909707248211,10961.92956227312,-13020.0,-2058.070437726877,mtm
2025-06-09T15:00:00.000000,2025-06-09,997990.9257785254,14147.145457707938,0.014175625341154133,-0.0019912968562265654,8899.0,0.5754945515096188,10366.662207918667,-12622.5,-2255.83779208133,mtm
2025-06-10T15:00:00.000000,2025-06-10,997604.713580603,15825.190680088828,0.01586318755781441,-0.0023775159338059737,8879.0,0.5936633425951003,10578.649477106057,-13215.0,-2636.350522893941,mtm
2025-06-11T15:00:00.000000,2025-06-11,997558.6190345951,16521.477081671812,0.016561911015976948,-0.0024236113009031834,8889.0,0.539419134259224,10459.816475210764,-13140.0,-2680.183524789234,mtm
2025-06-12T15:00:00.000000,2025-06-12,997683.3379757913,15818.16476024117,0.015854895193834536,-0.002298890138069387,8811.0,0.5501984685659409,11426.407462408184,-13980.0,-2553.5925375918146,mtm
2025-06-13T15:00:00.000000,2025-06-13,997250.6426516476,15408.016566341972,0.015450495499679702,-0.0027315931698811413,8780.0,0.5796908211708067,11797.39378719906,-14782.5,-2985.1062128009394,mtm
2025-06-16T15:00:00.000000,2025-06-16,997071.7971410627,17285.44615146402,0.017336210091416844,-0.0029104418662685427,8848.0,0.5143299424648284,11001.918948569593,-14160.0,-3158.0810514304053,mtm
2025-06-17T15:00:00.000000,2025-06-17,997146.4023810726,18720.060207418403,0.018773632600706396,-0.0028358352973040235,8854.0,0.4654504925012588,10923.767163447754,-14002.5,-3078.732836552245,mtm
2025-06-18T15:00:00.000000,2025-06-18,997157.8218909119,19448.707662272278,0.019504141907438148,-0.002824415584047224,9034.0,0.5832971382141112,8386.346914883245,-11452.5,-3066.153085116754,mtm
2025-06-19T15:00:00.000000,2025-06-19,997122.042917283,5679.792725127207,0.005696186104270466,-0.0028601951950124604,8819.0,0.4,8386.346914883245,-11452.5,-3066.153085116754,open
2025-06-20T15:00:00.000000,2025-06-20,997154.3314659266,2345.1405230546184,0.0023518330603919694,-0.002827906071208086,8664.0,0.5080105698853732,9051.921936984401,-12075.0,-3023.078063015597,mtm
2025-06-23T15:00:00.000000,2025-06-23,996508.650103806,1202.9126450639642,0.0012071271483079019,-0.0034735989349495844,8770.0,0.4715194873511791,8860.663057760143,-12517.5,-3656.8369422398546,mtm
2025-06-24T15:00:00.000000,2025-06-24,996210.2740842412,1208.2593385423954,0.0012128557293319211,-0.0037719802695321825,8739.0,0.47070928476750845,8832.319033936008,-12787.5,-3955.180966063989,mtm
2025-06-25T15:00:00.000000,2025-06-25,995703.2185948419,1228.6927456773142,0.0012339949522421673,-0.00427904479118868,8726.0,0.45865906886756413,8820.337647186212,-13282.5,-4462.162352813784,mtm
2025-06-26T15:00:00.000000,2025-06-26,995746.1033856852,1334.2952484262978,0.0013399954505365324,-0.004236159236431947,8796.0,0.43238547936081884,8886.041591114848,-13305.0,-4418.958408885149,mtm
2025-06-27T15:00:00.000000,2025-06-27,995936.8559632426,1272.6209811622637,0.0012778129191046152,-0.004045403260969693,8792.0,0.4428049410879611,8881.996837947521,-13110.0,-4228.003162052477,mtm
2025-06-30T15:00:00.000000,2025-06-30,995547.8861442802,1273.7527908067905,0.0012794490436215855,-0.004434380008711103,8762.0,0.4638030731678008,8853.044420841337,-13470.0,-4616.955579158661,mtm
2025-07-01T15:00:00.000000,2025-07-01,995646.8633207454,1291.9307399920547,0.001297579279949845,-0.004335401069150202,8810.0,0.46249448738992205,8899.558930889782,-13417.5,-4517.941069110217,mtm
2025-07-02T15:00:00.000000,2025-07-02,995360.6078703689,868.9444382237616,0.0008729946025118656,-0.0046216616186389725,8747.0,0.477409079670906,8837.97474756048,-13635.0,-4797.025252439518,mtm
2025-07-03T15:00:00.000000,2025-07-03,995942.7429352682,1326.1271434551622,0.001331529500929708,-0.0040395161840784954,8944.0,0.46850989870727056,8707.49254471188,-12915.0,-4207.507455288118,mtm
2025-07-04T15:00:00.000000,2025-07-04,995253.5274901794,2279.717394775258,0.0022905896154161113,-0.004728743906267652,8919.0,0.51611931219697,8682.783344055933,-13567.5,-4884.716655944065,mtm
2025-07-07T15:00:00.000000,2025-07-07,994804.8712170689,5643.610189916377,0.005673082584539262,-0.005177408171361142,8872.0,0.48303791560232634,8762.880091297977,-14085.0,-5322.119908702022,mtm
2025-07-08T15:00:00.000000,2025-07-08,994481.7695594927,2205.8641036676477,0.0022181041133059066,-0.00550051558439657,8926.0,0.48520656600594514,8533.855873685741,-14167.5,-5633.644126314259,mtm
2025-07-09T15:00:00.000000,2025-07-09,994195.2690472902,5621.668705593443,0.005654491507468681,-0.00578702120007657,8879.0,0.47881411284208286,8611.28155622196,-14520.0,-5908.718443778039,mtm
2025-07-10T15:00:00.000000,2025-07-10,993869.6095049478,2163.547985648533,0.0021768931909752313,-0.006112686543442325,8893.0,0.4741745854914188,8552.182383641259,-14775.0,-6222.817616358741,mtm
2025-07-11T15:00:00.000000,2025-07-11,994678.5365735705,5672.386689507153,0.0057027335776714035,-0.005303745065277865,9016.0,0.4635991176962852,8352.707295927743,-13755.0,-5402.292704072257,mtm
2025-07-14T15:00:00.000000,2025-07-14,995009.9262485639,11735.697140811722,0.011794552829295113,-0.004972349487189387,9179.0,0.5284379202127456,7668.966169382623,-12720.0,-5051.033830617377,mtm
2025-07-15T15:00:00.000000,2025-07-15,994562.1717231438,11997.057140263349,0.01206265176914749,-0.00542011198852943,9198.0,0.5690554536879062,7507.001869909191,-13005.0,-5497.998130090809,mtm
2025-07-16T15:00:00.000000,2025-07-16,994100.329924901,14652.905143104344,0.014739865486425594,-0.0058819620136308925,9125.0,0.5129582396149635,8141.830280806542,-14092.5,-5950.669719193458,mtm
2025-07-17T15:00:00.000000,2025-07-17,993825.890761445,14276.931357994268,0.01436562630407589,-0.006156406065713771,9140.0,0.4766893938183784,7981.23443883216,-14205.0,-6223.76556116784,mtm
2025-07-18T15:00:00.000000,2025-07-18,994132.0966218129,14420.982897021471,0.014506103309636418,-0.005850194750854021,9246.0,0.4465788289904594,6877.512043786915,-12795.0,-5917.487956213085,mtm
2025-07-21T15:00:00.000000,2025-07-21,993926.0404483733,1334.582440621187,0.001342738178002801,-0.006056254594803745,9257.0,0.4,6877.512043786915,-12795.0,-5917.487956213085,open
2025-07-22T15:00:00.000000,2025-07-22,993723.3219106074,1247.8554972126751,0.001255737356363393,-0.006258976743626077,9382.0,0.487739655598998,6997.641765053849,-13117.5,-6119.858234946151,mtm
2025-07-23T15:00:00.000000,2025-07-23,994192.0522464258,3175.74630405598,0.0031942986235709947,-0.005790238058242414,9479.0,0.4694952930510044,7083.660445248898,-12720.0,-5636.339554751102,mtm
2025-07-24T15:00:00.000000,2025-07-24,993758.6350591547,6094.610829967786,0.0061328884247682505,-0.0062236629660402665,9353.0,0.4860634577274322,7365.113518861674,-13425.0,-6059.886481138326,mtm
2025-07-25T15:00:00.000000,2025-07-25,993522.0685513576,172.45369367608254,0.00017357812084389346,-0.006460233687832773,9377.0,0.4683719811588525,7260.8437384360905,-13537.5,-6276.6562615639095,mtm
2025-07-28T15:00:00.000000,2025-07-28,992651.0475564718,2374.994057869571,0.0023925769924042295,-0.007331270198349005,9203.0,0.4663454887270927,7282.175324448253,-14422.5,-7140.324675551747,mtm
2025-07-29T15:00:00.000000,2025-07-29,992083.1608334038,1602.3265715426674,0.001615113162687517,-0.007899167037270227,9181.0,0.4356617550551891,7320.028991573183,-15015.0,-7694.971008426817,mtm
2025-07-30T15:00:00.000000,2025-07-30,991948.3556114091,4996.3160967740005,0.005036871192446719,-0.008033974660570986,9178.0,0.4016270489990711,7316.538813259476,-15135.0,-7818.461186740524,mtm
2025-07-31T15:00:00.000000,2025-07-31,991959.0037067451,4907.6391098346985,0.004947421306219177,-0.008023326375558804,8997.0,0.3999207678437233,6659.7197610061385,-14467.5,-7807.7802389938615,mtm
2025-08-01T15:00:00.000000,2025-08-01,992394.776023314,11042.544762715346,0.01112716937806203,-0.0075875462965109275,8908.0,0.3920391550660133,6336.103587352274,-13687.5,-7351.396412647726,mtm
2025-08-04T15:00:00.000000,2025-08-04,992075.3697583071,11202.962815781479,0.01129245131699095,-0.007906958251150509,9030.0,0.4069284975528717,7344.2279366081675,-15015.0,-7670.7720633918325,mtm
2025-08-05T15:00:00.000000,2025-08-05,991705.1047710627,8848.862656977028,0.008922876986722587,-0.008277229833981825,9066.0,0.3970157812535762,7641.951328807991,-15675.0,-8033.048671192009,mtm
2025-08-06T15:00:00.000000,2025-08-06,991647.1786864304,8436.630375150571,0.008507693619746914,-0.008335156950460276,9168.0,0.3669194203615188,8305.731208532603,-16395.0,-8089.268791467397,mtm
2025-08-07T15:00:00.000000,2025-08-07,991964.5202964899,5141.3051523135355,0.00518295266324328,-0.008017809687546174,9246.0,0.3593552759289741,8784.296494716358,-16545.0,-7760.703505283642,mtm
2025-08-08T15:00:00.000000,2025-08-08,991621.4598761161,1516.4472649576253,0.001529260233181194,-0.008360876218907798,9268.0,0.3739247926324606,8865.85971149726,-16957.5,-8091.64028850274,mtm
2025-08-11T15:00:00.000000,2025-08-11,991276.0247993883,1553.9085383938575,0.001567584103235356,-0.008706317448923584,9199.0,0.3522420397400856,8790.586135166763,-17227.5,-8436.913864833237,mtm
2025-08-12T15:00:00.000000,2025-08-12,990964.426242312,8509.980129381896,0.008587573785722379,-0.009017921556552677,9176.0,0.3487918770313263,8764.68743403926,-17490.0,-8725.31256596074,mtm
2025-08-13T15:00:00.000000,2025-08-13,991338.5730745862,7239.221276755363,0.007302471096532929,-0.008643768059543588,9287.0,0.32672329008579254,9450.907532140893,-17797.5,-8346.592467859107,mtm
2025-08-14T15:00:00.000000,2025-08-14,991052.9908673826,2101.6664455676914,0.002120639829489123,-0.008929355353866852,9277.0,0.3377643741667271,9398.935633994506,-18000.0,-8601.064366005494,mtm
2025-08-15T15:00:00.000000,2025-08-15,991364.9429390632,4051.5727337081858,0.004086863029165261,-0.008617397725336207,9191.0,0.3305343335866928,9528.834948038462,-17797.5,-8268.665051961538,mtm
2025-08-18T15:00:00.000000,2025-08-18,991034.2805088471,8641.843651557858,0.008720024949208314,-0.00894806604569276,9247.0,0.34359712108969687,9693.391134560787,-18277.5,-8584.108865439213,mtm
2025-08-19T15:00:00.000000,2025-08-19,990378.1064725564,2915.3132862958305,0.002943636644674369,-0.009604251770512162,9176.0,0.37357119172811504,9251.078638035227,-18472.5,-9221.421361964773,mtm
2025-08-20T15:00:00.000000,2025-08-20,991615.9612562325,5816.464625312886,0.005865642398438479,-0.008366374936739196,9042.0,0.4,9251.078638035227,-18472.5,-9221.421361964773,open
2025-08-21T15:00:00.000000,2025-08-21,991341.1567957657,5854.196834541455,0.005905330162487671,-0.008641184292339843,9162.0,0.37113926440477363,8736.409641800246,-18232.5,-9496.090358199754,mtm
2025-08-22T15:00:00.000000,2025-08-22,991483.3561106882,5867.223608659194,0.0059176218869418755,-0.008498982444399283,9192.0,0.37150741025805467,8608.629430636873,-17962.5,-9353.870569363127,mtm
2025-08-25T15:00:00.000000,2025-08-25,992146.355257326,5992.000773928522,0.006039432329894937,-0.007835971487656024,9394.0,0.38626372799277303,7749.142439860206,-16440.0,-8690.857560139795,mtm
2025-08-26T15:00:00.000000,2025-08-26,991727.6751755064,9342.538195717723,0.009420467361732516,-0.00825465902748812,9354.0,0.42310906380414964,7919.219840577405,-17017.5,-9098.280159422595,mtm
2025-08-27T15:00:00.000000,2025-08-27,991348.9072758879,9275.381333433137,0.00935632375781884,-0.008633433674157254,9305.0,0.40999078013002876,8245.518860323416,-17722.5,-9476.981139676584,mtm
2025-08-28T15:00:00.000000,2025-08-28,991560.389013451,9318.955513078816,0.009398273283537146,-0.008421948169437532,9377.0,0.3882188300788402,7767.094586679002,-17032.5,-9265.405413320997,mtm
2025-08-29T15:00:00.000000,2025-08-29,991558.3977523902,12286.62305093396,0.012391224842414323,-0.008423939465968866,9386.0,0.4057868154346943,7707.471954425353,-16965.0,-9257.528045574647,mtm
2025-09-01T15:00:00.000000,2025-09-01,992190.7374061235,12783.07996536025,0.012883692100148964,-0.007791588548272443,9775.0,0.4124955508112907,4312.362668077079,-12937.5,-8625.13733192292,mtm
2025-09-02T15:00:00.000000,2025-09-02,993112.8331409075,19820.951068436843,0.01995840795425967,-0.006869476388056017,9824.0,0.27780603215098376,3885.2129408996507,-11565.0,-7679.787059100349,mtm
2025-09-03T15:00:00.000000,2025-09-03,993190.6332833506,18014.432476321654,0.018137940363743096,-0.006791674859746966,9820.0,0.5339086002111436,3939.0211204918683,-11535.0,-7595.978879508131,mtm
2025-09-04T15:00:00.000000,2025-09-04,993319.352046477,18981.333907575234,0.01910899437171854,-0.006662953803733496,9773.0,0.5621867683529853,4513.762238632001,-11977.5,-7463.737761367998,mtm
2025-09-05T15:00:00.000000,2025-09-05,992951.7221510014,17530.37700331578,0.017654813030929896,-0.007030590247856794,9812.0,0.5948944590985775,4008.734060998975,-11835.0,-7826.265939001024,mtm
2025-09-08T15:00:00.000000,2025-09-08,992760.3021053022,19631.775998193294,0.0197749405939793,-0.007222013703350516,9813.0,0.5502430671453475,3996.8244101354735,-12007.5,-8010.675589864526,mtm
2025-09-09T15:00:00.000000,2025-09-09,992634.834825878,19785.92599761126,0.019932733874972245,-0.00734748321774259,9846.0,0.556070595085621,3556.6508992959025,-11692.5,-8135.8491007040975,mtm
2025-09-10T15:00:00.000000,2025-09-10,992741.436349422,19929.040182577206,0.020074754062711093,-0.007240879795289423,9796.0,0.5266303730010987,4226.5643933743795,-12255.0,-8028.4356066256205,mtm
2025-09-11T15:00:00.000000,2025-09-11,992651.1980014208,19004.029052615202,0.019144719807801008,-0.007331119750720094,9798.0,0.5902478149533272,4199.436268580715,-12315.0,-8115.563731419285,mtm
2025-09-12T15:00:00.000000,2025-09-12,992450.0834213988,20024.0274295327,0.0201763572435818,-0.007532237913226991,10035.0,0.5882551717758178,1135.2023875054597,-9450.0,-8314.79761249454,mtm
2025-09-15T15:00:00.000000,2025-09-15,992584.9318088357,22125.85386685904,0.0222911442213192,-0.007397387123715071,10017.0,0.34749258756637563,1374.676588193483,-9547.5,-8172.823411806517,mtm
2025-09-16T15:00:00.000000,2025-09-16,992722.1020353213,22279.7241868252,0.022443062505757005,-0.007260214453795211,10108.0,0.36999731540679925,34.51881155317005,-8070.0,-8035.481188446829,mtm
2025-09-17T15:00:00.000000,2025-09-17,992974.705227198,21943.75278920779,0.022099004812199056,-0.0070076067622592,9906.0,0.41823008596897127,3002.500793027025,-10785.0,-7782.499206972974,mtm
2025-09-18T15:00:00.000000,2025-09-18,992040.3918175983,20464.72830860384,0.020628926480613093,-0.007941936814926831,9808.0,0.8384184485673902,4449.908319527278,-13162.5,-8712.59168047272,mtm
2025-09-19T15:00:00.000000,2025-09-19,993403.7064648372,1411.4816385643496,0.0014208540086761904,-0.006578597882755166,9953.0,0.4,4449.908319527278,-13162.5,-8712.59168047272,open
2025-09-22T15:00:00.000000,2025-09-22,995013.0816281317,1396.8515295780799,0.001403852427037867,-0.004969194051414383,10299.0,0.4616268463432789,4776.994835861923,-11880.0,-7103.005164138075,mtm
2025-09-23T15:00:00.000000,2025-09-23,995470.4511233588,6776.834146015161,0.0068076698191972505,-0.00451181640899434,10329.0,0.5064837653934955,4804.123512989818,-11422.5,-6618.37648701018,mtm
2025-09-24T15:00:00.000000,2025-09-24,995745.5967591299,10519.631336880817,0.010564577308821892,-0.00423666587201188,10373.0,0.5324216201156378,4611.648911720244,-10942.5,-6330.851088279755,mtm
2025-09-25T15:00:00.000000,2025-09-25,995277.8358753589,10444.78194744994,0.010494337933551617,-0.004704435088079162,10390.0,0.5569341291487216,4496.702018896719,-11295.0,-6798.297981103279,mtm
2025-09-26T15:00:00.000000,2025-09-26,996058.1053102796,10751.243412261234,0.01079379140126784,-0.003924151754099436,10616.0,0.5366643565148115,2982.242800639086,-9000.0,-6017.757199360913,mtm
2025-09-29T15:00:00.000000,2025-09-29,997763.4574484074,14498.213701490293,0.014530712257759721,-0.0022187692382727997,10926.0,0.5924246941506863,889.0383421619763,-5190.0,-4300.961657838023,mtm
2025-09-30T15:00:00.000000,2025-09-30,996956.8733416918,15349.876824924324,0.015396731027565108,-0.003025367712794713,10899.0,0.7041433052718638,1127.9125376785673,-6232.5,-5104.587462321431,mtm
2025-10-09T15:00:00.000000,2025-10-09,996817.1705429935,22711.25242976161,0.02278376928177328,-0.0031650730000403193,11155.0,0.6437625518441198,-1275.9541554901998,-3945.0,-5220.954155490199,mtm
2025-10-10T15:00:00.000000,2025-10-10,995926.0982134494,22822.01691399008,0.022915371888465975,-0.004056161202392383,11062.0,0.6850996822118758,-13.526119190182726,-6097.5,-6111.026119190182,mtm
2025-10-13T15:00:00.000000,2025-10-13,995495.2353960457,24784.075363919936,0.024896227006109065,-0.004487031694821342,11514.0,0.35768425256013875,-6230.9571464027795,-307.5,-6538.457146402779,mtm
2025-10-14T15:00:00.000000,2025-10-14,995738.4050343307,24816.628396732598,0.024922839443836636,-0.004243857724918421,11519.0,0.4688965037465095,-6302.714873284031,7.5,-6295.21487328403,mtm
2025-10-15T15:00:00.000000,2025-10-15,993844.6748553038,25101.103330751637,0.025256565704702465,-0.006137621637251067,11953.0,0.5073410129547118,-12536.759422040755,4350.0,-8186.7594220407545,mtm
2025-10-16T15:00:00.000000,2025-10-16,996232.1046323813,26297.324184203175,0.026396784506264356,-0.0037501493325211577,12004.0,0.5837874853610991,-13250.682435533396,7455.0,-5795.682435533395,mtm
2025-10-17T15:00:00.000000,2025-10-17,998436.4034839586,26821.58865788349,0.02686359247748965,-0.0015458112154308479,12231.0,0.6072546410560606,-16566.293675550056,12975.0,-3591.2936755500546,mtm
2025-10-20T15:00:00.000000,2025-10-20,996306.7911464028,24320.087265293652,0.02441023937748099,-0.003675461488097387,11730.0,1.6346700391173359,-9241.212699025386,3525.0,-5716.212699025384,mtm
2025-10-21T15:00:00.000000,2025-10-21,995308.2554349297,26323.063113775952,0.026447146369014393,-0.004674014986640107,11798.0,0.5906309950351716,-10181.025471962339,3472.5,-6708.525471962337,mtm
2025-10-22T15:00:00.000000,2025-10-22,997493.923139148,618.2931046714352,0.0006198464876113184,-0.002488308348788104,11404.0,0.4,-10181.025471962339,3472.5,-6708.525471962337,open
2025-10-23T15:00:00.000000,2025-10-23,996384.9484607142,1238.5182594422483,0.0012430118112036906,-0.0035973027815577874,11467.0,0.6916749776899814,-10203.798979053665,2392.5,-7811.298979053664,mtm
2025-10-24T15:00:00.000000,2025-10-24,995455.4501070095,3216.7926188539345,0.0032314782329115137,-0.0045268176925590264,11332.0,0.6427510329335928,-10300.995715602041,1575.0,-8725.99571560204,mtm
2025-10-27T15:00:00.000000,2025-10-27,995210.1351593124,1406.287767037791,0.0014130561148401825,-0.004772137010088939,11394.0,0.6154442627727984,-10418.339572807472,1462.5,-8955.83957280747,mtm
2025-10-28T15:00:00.000000,2025-10-28,994798.7112601028,1339.9885078502905,0.001346994615778039,-0.005183568238055436,11049.0,0.6442190942168236,-10702.185320599458,1335.0,-9367.185320599456,mtm
2025-10-29T15:00:00.000000,2025-10-29,994379.8206503586,5897.556276779869,0.005930888936304706,-0.005602466309562293,11338.0,0.6136466345936058,-10468.50178464775,697.5,-9771.001784647746,mtm
2025-10-30T15:00:00.000000,2025-10-30,993770.3408830405,3073.6666841902315,0.003092934612497134,-0.006211956933636853,11253.0,0.6237601038068532,-10763.228755489377,412.5,-10350.728755489374,mtm
2025-10-31T15:00:00.000000,2025-10-31,992670.1278234103,1476.6203610489413,0.0014875237197745337,-0.007312189591530793,11441.0,0.6159656569361684,-11105.600939108856,-330.0,-11435.600939108852,mtm
2025-11-03T15:00:00.000000,2025-11-03,991609.6897269683,3016.7258776971184,0.0030422513101175416,-0.008372646577719078,11455.0,0.5890317326784134,-11093.556177291483,-1387.5,-12481.056177291479,mtm
2025-11-04T15:00:00.000000,2025-11-04,991735.5574625413,2913.20382922834,0.002937480467759042,-0.008246776600044803,11238.0,0.5634567751735449,-10712.531888067697,-1642.5,-12355.031888067693,mtm
2025-11-05T15:00:00.000000,2025-11-05,990951.5031576436,5593.881853326761,0.0056449602584001226,-0.009030844871421917,11276.0,0.5577559261769058,-10778.196405148454,-2332.5,-13110.69640514845,mtm
2025-11-06T15:00:00.000000,2025-11-06,990582.5599066361,1681.2587873299583,0.001697242466582916,-0.009399794694472052,11427.0,0.5298306472599505,-10278.851660746022,-3187.5,-13466.351660746019,mtm
2025-11-07T15:00:00.000000,2025-11-07,990435.8573618801,2845.658334380521,0.0028731374305855624,-0.00954649985246292,11484.0,0.49271782375872125,-10222.936526991867,-3375.0,-13597.936526991864,mtm
2025-11-10T15:00:00.000000,2025-11-10,990804.9202742525,2847.845918125013,0.0028742751068865664,-0.00917743036591634,11719.0,0.4878383418172597,-10611.184865688167,-2617.5,-13228.684865688163,mtm
2025-11-11T15:00:00.000000,2025-11-11,992347.4756738053,15378.055408100461,0.01549664385215344,-0.0076348474885878925,11880.0,0.5187055405229329,-10871.990592617893,-772.5,-11644.490592617889,mtm
2025-11-12T15:00:00.000000,2025-11-12,992886.196083507,15804.434590439032,0.01591766977200456,-0.007096117482576991,12073.0,0.6003713366389274,-12537.68168123483,1432.5,-11105.181681234826,mtm
2025-11-13T15:00:00.000000,2025-11-13,994762.6478574749,19813.35581656429,0.019917671676995916,-0.005219632283086306,12588.0,0.6740569078922274,-17032.614077964994,7815.0,-9217.614077964989,mtm
2025-11-14T15:00:00.000000,2025-11-14,994652.3513557459,24674.00467598674,0.024806661988337142,-0.005329930749543688,12351.0,0.7485857006907461,-14545.464966630952,5235.0,-9310.464966630945,mtm
2025-11-17T15:00:00.000000,2025-11-17,994193.5708891441,19992.99265724937,0.02010975854467546,-0.005788719388472252,11907.0,0.8489362999796867,-8631.58284561011,-1125.0,-9756.582845610103,mtm
2025-11-18T15:00:00.000000,2025-11-18,993824.1816116641,18328.567365919098,0.018442464678406233,-0.00615811524594001,11687.0,0.7356129999458788,-6169.155375641974,-3952.5,-10121.655375641967,mtm
2025-11-19T15:00:00.000000,2025-11-19,993678.1642933924,7764.633905867196,0.007814032938309207,-0.006304135165240532,12139.0,0.4,-6169.155375641974,-3952.5,-10121.655375641967,open
2025-11-20T15:00:00.000000,2025-11-20,993454.3730263923,3471.9567467379607,0.00349483261738657,-0.006527930418668837,12046.0,0.636475999467075,-6565.6947662401635,-3742.5,-10308.194766240156,mtm
2025-11-21T15:00:00.000000,2025-11-21,994124.7070973407,1285.997982276301,0.0012935982508986985,-0.005857584406956939,11693.0,0.6565310747176409,-5887.337743754751,-3735.0,-9622.337743754742,mtm
2025-11-24T15:00:00.000000,2025-11-24,992783.0606229983,6035.97796414636,0.006079855915710951,-0.007199254780253517,11818.0,0.6367927264794707,-5795.696776556657,-5152.5,-10948.19677655665,mtm
2025-11-25T15:00:00.000000,2025-11-25,992989.531035821,1462.5427521655645,0.001472868249315717,-0.006992780689541789,12130.0,0.6165174902230499,-4733.45453526848,-5992.5,-10725.954535268473,mtm
2025-11-26T15:00:00.000000,2025-11-26,993292.8503049501,1094.5448892043237,0.0011019357371476984,-0.006689456017339945,12229.0,0.5994977945834397,-4653.86881771657,-5767.5,-10421.368817716564,mtm
2025-11-27T15:00:00.000000,2025-11-27,995518.8731067537,3453.383167319649,0.003468927873303441,-0.0044633935630512545,12516.0,0.611809582337737,-4482.6006301942225,-3697.5,-8180.100630194216,mtm
2025-11-28T15:00:00.000000,2025-11-28,996917.3281380588,8498.870552348717,0.008525150794822724,-0.003064913620852483,12713.0,0.6782695461809634,-4845.008493416877,-1920.0,-6765.008493416871,mtm
2025-12-01T15:00:00.000000,2025-12-01,1000193.9171106293,13590.904236637574,0.013588269238728348,0.0002117337180993495,13270.0,0.729776887372136,-7327.6872904967395,3855.0,-3472.687290496733,mtm
2025-12-02T15:00:00.000000,2025-12-02,1000696.1148903045,18692.30166830384,0.01867929873031722,0.0007139404435005936,13417.0,0.861984572187066,-8331.486702231796,5377.5,-2953.9867022317894,mtm
2025-12-03T15:00:00.000000,2025-12-03,1001984.8230724576,21725.682216863406,0.02168264600080907,0.0020026715816099383,13576.0,0.8893802726268767,-9808.405637205122,8152.5,-1655.905637205116,mtm
2025-12-04T15:00:00.000000,2025-12-04,999676.063547371,21545.60716175179,0.02155258883092265,-0.00030612906976379417,13417.0,1.0011364544928076,-8111.917253107784,4147.5,-3964.417253107778,mtm
2025-12-05T15:00:00.000000,2025-12-05,995568.5516270193,21799.88162898743,0.021896916684803598,-0.00441371415785452,13678.0,0.8192656123638152,-10906.36502623332,2835.0,-8071.365026233314,mtm
2025-12-08T15:00:00.000000,2025-12-08,996911.7511429824,28736.273036099996,0.028825292713375274,-0.0030704907152726557,13692.0,0.40219126254320137,-11055.10403584643,4350.0,-6705.104035846426,mtm
2025-12-09T15:00:00.000000,2025-12-09,1000296.0999962944,28537.224310448557,0.02852877693970243,0.0003139184239637771,13597.0,0.415114205032587,-9725.754069771092,6405.0,-3320.754069771087,mtm
2025-12-10T15:00:00.000000,2025-12-10,999752.5117303333,26939.76057166374,0.026946429496873616,-0.00022967952501828925,14364.0,0.94934854850173,-20458.631454547663,16605.0,-3853.6314545476566,mtm
2025-12-11T15:00:00.000000,2025-12-11,997428.3377520513,29074.123827219602,0.029149085429781604,-0.002553894904167353,14475.0,1.0736456492543218,-21846.366728850306,15675.0,-6171.3667288503,mtm
2025-12-12T15:00:00.000000,2025-12-12,998920.1502671946,32642.082370697997,0.03267736901890184,-0.0010620558151391846,14886.0,0.5245179897546767,-27350.41276637853,22680.0,-4670.412766378524,mtm
2025-12-15T15:00:00.000000,2025-12-15,997088.2190730675,32972.99382070265,0.03306928433208813,-0.0028940196417373,14787.0,0.5812121546268463,-25903.017296973958,19402.5,-6500.517296973953,mtm
2025-12-16T15:00:00.000000,2025-12-16,1000504.926327431,32492.082490405453,0.03247568466221815,0.0005227484749559252,14654.0,0.6161042565107345,-23925.673791268615,20842.5,-3083.173791268611,mtm
2025-12-17T15:00:00.000000,2025-12-17,996635.2851651395,32936.24854411893,0.03304744376842075,-0.0033469616178464223,15497.0,1.4474376115202903,-36385.564938504285,29437.5,-6948.064938504282,mtm
2025-12-18T15:00:00.000000,2025-12-18,998878.9181510226,34604.87577824244,0.034643714217432765,-0.0011032886657852403,15505.0,0.7522835278511046,-36498.90457068632,31800.0,-4698.904570686318,mtm
2025-12-19T15:00:00.000000,2025-12-19,994878.9680274642,34284.686008313955,0.03446116272443655,-0.005103310041067899,15359.0,0.7834349238872529,-34326.35070834603,25627.5,-8698.850708346028,mtm
2025-12-22T15:00:00.000000,2025-12-22,998438.2914550082,19965.302398798976,0.019996531152369827,-0.0015439232107504752,16210.0,0.4,-34326.35070834603,25627.5,-8698.850708346028,open
2025-12-23T15:00:00.000000,2025-12-23,1000942.9751026154,2071.8341638123975,0.0020698823163227613,0.0009608050531701995,16441.0,0.9223395791277289,-32429.77505473616,26310.0,-6119.775054736162,mtm
2025-12-24T15:00:00.000000,2025-12-24,1013997.3722642272,5746.3306394652645,0.005667007426886987,0.014015434754758527,17609.0,0.941819580309093,-33411.12019504176,40357.5,6946.379804958237,mtm
2025-12-25T15:00:00.000000,2025-12-25,1006324.0944520078,16037.905199938334,0.015937117364432925,0.0063420202572659345,17397.0,1.2778898847103117,-32949.86215276806,32257.5,-692.3621527680643,mtm
2025-12-26T15:00:00.000000,2025-12-26,1013578.1516408747,19558.35125415705,0.01929634258837779,0.013596206663764931,18319.0,1.0441153774783012,-38616.90338098245,45187.5,6570.5966190175495,mtm
2025-12-29T15:00:00.000000,2025-12-29,1036100.860963173,19823.269445991722,0.01913256729423403,0.036119317186534605,18205.0,1.3083403283730148,-37805.40528957391,66900.0,29094.59471042609,mtm
2025-12-30T15:00:00.000000,2025-12-30,1011210.7816897528,18412.610586423427,0.01820847930008776,0.011228794542319287,18140.0,2.2521774771064518,-37333.50512363881,41542.5,4208.99487636119,mtm
2025-12-31T15:00:00.000000,2025-12-31,1007908.7231009223,23682.01246104472,0.023496187619236858,0.00792667713341344,17103.0,1.3038513138145205,-30316.97885339884,31245.0,928.0211466011624,mtm
2026-01-05T15:00:00.000000,2026-01-05,1003228.2776861504,27220.67915538569,0.0271330860192334,0.003246148345150246,18260.0,1.1777184433117507,-40998.46892348353,37252.5,-3745.9689234835278,mtm
2026-01-06T15:00:00.000000,2026-01-06,1006765.3186455136,26531.065015002772,0.02635278006069702,0.006783252310365917,19457.0,1.1929183968156574,-52895.66191003179,52695.0,-200.66191003178938,mtm
2026-01-07T15:00:00.000000,2026-01-07,1002411.2917404056,34320.972253717155,0.03423841345016019,0.002429147846309654,19287.0,1.4085460193455217,-51350.43223449308,46822.5,-4527.932234493074,mtm
2026-01-08T15:00:00.000000,2026-01-08,1003822.2070094502,35756.2685021841,0.03562012102592136,0.003840088248204143,18458.0,0.7179458390921354,-41514.81532794785,38407.5,-3107.3153279478474,mtm
2026-01-09T15:00:00.000000,2026-01-09,1002025.0992824081,30253.448535054886,0.030192306117601885,0.00204294850900677,18757.0,1.2360850623250004,-45376.625383751365,40492.5,-4884.125383751363,mtm
2026-01-12T15:00:00.000000,2026-01-12,1008690.1115612973,39424.58905379886,0.03908493659442706,0.008708079512780742,20957.0,1.17069599814713,-69030.34814821347,70830.0,1799.6518517865352,mtm
2026-01-13T15:00:00.000000,2026-01-13,1013452.3078553469,43968.40573848822,0.04338478031742166,0.013470360636562484,21030.0,1.474506606608629,-69945.96356047357,76522.5,6576.536439526435,mtm
2026-01-14T15:00:00.000000,2026-01-14,1012049.2260126123,44737.96992503561,0.04420532991394045,0.012067253800515987,22800.0,2.178314771801233,-94619.24342836339,99802.5,5183.25657163661,mtm
2026-01-15T15:00:00.000000,2026-01-15,1001520.531746381,48053.83726596701,0.04798088081347081,0.0015383719850408095,22713.0,2.324317473322153,-93481.28605934062,88147.5,-5333.786059340615,mtm
2026-01-16T15:00:00.000000,2026-01-16,1007948.9645089867,50067.00028983162,0.04967215806826223,0.007966919258304062,22555.0,1.0278021645545958,-91252.52848597316,92355.0,1102.471514026839,mtm
2026-01-19T15:00:00.000000,2026-01-19,993654.3558099264,52075.77418893259,0.05240833885993052,-0.006327944072810787,23240.0,0.9569288539886474,-101390.50975577225,88200.0,-13190.509755772247,mtm
2026-01-20T15:00:00.000000,2026-01-20,1007048.5736267675,51617.09060629398,0.051255810253919606,0.00706651233728417,23112.0,1.1538972938060765,-99478.18453122932,99682.5,204.31546877068104,mtm
2026-01-21T15:00:00.000000,2026-01-21,1010012.34419919,14663.947238712712,0.014518582196477349,0.01003033570380607,23154.0,0.4,-99478.18453122932,99682.5,204.31546877068104,open
2026-01-22T15:00:00.000000,2026-01-22,1007973.773233066,1038.921701555865,0.001030703108696503,0.007991728424304956,23333.0,1.4103161292523143,-100234.02486598393,98452.5,-1781.5248659839299,mtm
2026-01-23T15:00:00.000000,2026-01-23,1015356.5592144097,1237.2928885543183,0.0012185796972756277,0.015374645916346408,24961.0,1.3968059474229815,-99750.81927430637,105352.5,5601.6807256936345,mtm
2026-01-26T15:00:00.000000,2026-01-26,1042487.0808119423,29264.930317353577,0.028072223489389002,0.04250565079401647,27231.0,1.4572288382053376,-99000.74942677988,131835.0,32834.25057322013,mtm
2026-01-27T15:00:00.000000,2026-01-27,1039756.008637018,43508.512517123614,0.041844925305271854,0.039774529970085126,28499.0,1.9026601598411799,-108086.3853580555,138232.5,30146.1146419445,mtm
2026-01-28T15:00:00.000000,2026-01-28,1041384.4881294153,56918.62794279104,0.05465668885181016,0.04140303847083726,29963.0,1.6114222734421486,-122988.15562094889,154800.0,31811.84437905111,mtm
2026-01-29T15:00:00.000000,2026-01-29,1055147.5081673218,65508.48510726494,0.06208467024771367,0.05516630367152797,32042.0,1.019705268740654,-149319.66716502403,194910.0,45590.33283497597,mtm
2026-01-30T15:00:00.000000,2026-01-30,1067330.8403945386,54323.961853794586,0.05089702255180198,0.06734985292230822,28190.0,2.5755226043611765,-96812.76559306908,154597.5,57784.73440693092,mtm
2026-02-02T15:00:00.000000,2026-02-02,1128914.5193832517,24534.338765967463,0.021732680681059057,0.12893462891052931,25520.0,2.734464676305652,-62514.43873907325,181965.0,119450.56126092674,mtm
2026-02-03T15:00:00.000000,2026-02-03,1075473.863470926,7843.928302347217,0.0072934625087328,0.07549302105161315,21750.0,3.1981115078181026,-38354.24839768489,104460.0,66105.75160231511,mtm
2026-02-04T15:00:00.000000,2026-02-04,1072523.1238744617,939.3477934442984,0.0008758298749316743,0.0725422288931723,23862.0,2.2787527445703746,-33276.9395539923,96457.5,63180.5604460077,mtm
2026-02-05T15:00:00.000000,2026-02-05,1083034.0364809337,6982.481068134834,0.006447148319385027,0.08305332873214089,20888.0,2.0364419016987085,-34057.51109805849,107775.0,73717.48890194151,mtm
2026-02-06T15:00:00.000000,2026-02-06,1092647.9260759326,22422.753547596214,0.02052148090201744,0.09266738958082787,19442.0,2.533598783239722,-30834.710960096596,114262.5,83427.78903990341,mtm
2026-02-09T15:00:00.000000,2026-02-09,1100743.1346425295,36885.51542831075,0.033509648407018644,0.10076274234861504,21193.0,2.22881274394691,-17373.02470344332,108937.5,91564.47529655669,mtm
2026-02-10T15:00:00.000000,2026-02-10,1069989.432756204,21131.25060508256,0.019749027381186574,0.07000849264188647,20608.0,3.368744946122169,-24160.130174956845,85020.0,60859.86982504316,mtm
2026-02-11T15:00:00.000000,2026-02-11,1077192.2641303723,44053.62699092893,0.04089671682380104,0.07721145232119353,21238.0,1.0290618965029719,-19853.05871949284,87990.0,68136.94128050716,mtm
2026-02-12T15:00:00.000000,2026-02-12,1061595.7075581877,30697.179989632245,0.028916073954594137,0.06161461792515732,20835.0,2.7724525393545627,-25425.409064376225,78007.5,52582.09093562378,mtm
2026-02-13T15:00:00.000000,2026-02-13,1083086.1152018316,44065.42130417278,0.04068505789676867,0.083105408380725,20195.0,1.1488493514060976,-31712.317314713182,105832.5,74120.18268528683,mtm
2026-02-24T15:00:00.000000,2026-02-24,1157946.7405000713,2881.8931408964436,0.0024887959351669905,0.15796736718275128,22618.0,0.4,3530.6767716207396,145605.0,149135.67677162075,mtm
2026-02-25T15:00:00.000000,2026-02-25,1163642.4086094508,2670.474474404235,0.00229492707952733,0.1636631367499395,23200.0,1.758655965439975,4025.0999599241045,150825.0,154850.09995992412,mtm
2026-02-26T15:00:00.000000,2026-02-26,1151951.1491303702,11813.115846660598,0.010254875699875418,0.15197166901266268,22748.0,1.8339625794067977,4371.989379449596,138817.5,143189.4893794496,mtm
2026-02-27T15:00:00.000000,2026-02-27,1135876.2387224333,2109.0406427652706,0.001856752145055341,0.1358964722598841,23220.0,1.6515728265792131,2737.750965975811,124410.0,127147.75096597582,mtm
2026-03-02T15:00:00.000000,2026-03-02,1140260.7486451368,10629.680651837494,0.009322149047459304,0.14028106028453458,24690.0,1.3653644233942028,1847.7194566762823,129712.5,131560.21945667628,mtm
2026-03-03T15:00:00.000000,2026-03-03,1159466.2520285514,21454.849543946522,0.018504074186212884,0.1594869057785231,21881.0,1.3871433049067852,9910.837892459787,140895.0,150805.8378924598,mtm
2026-03-04T15:00:00.000000,2026-03-04,1147681.9959371502,2229.686211642764,0.0019427735379102934,0.14770243977236275,22118.0,1.7901635273918508,8361.45475253547,130725.0,139086.45475253547,mtm
2026-03-05T15:00:00.000000,2026-03-05,1148431.6016567259,1447.4549226255517,0.0012603753854713291,0.14845205884477997,21992.0,1.597648770213127,8446.125570098795,131392.5,139838.6255700988,mtm
2026-03-06T15:00:00.000000,2026-03-06,1146292.1006357619,1511.6692577586405,0.001318746990335388,0.14631251971255654,22150.0,1.6287916149757802,8376.804904925457,129322.5,137699.30490492546,mtm
