trade_date,bar_ts,nav,pnl,pnl_future,pnl_call,pnl_put,pnl_option,cash,cash_future,cash_call,cash_put,cash_option,future_ts_code,future_pnl,future_notional,call_ts_code,call_pnl,call_notional,put_ts_code,put_pnl,put_notional,option_pnl,option_notional,fee,fee_future,fee_call,fee_put,fee_option,slippage,name
2025-01-06,2025-01-06T15:00:00.000000,999982.1871641079,0.0,0.0,0.0,0.0,0.0,964356.5153800044,-31718.171784103535,-2122.5,-1785.0,-3907.5,AG2502.SHF,0.0,31718.171784103535,AG2502C7600.SHF,0.0,2122.5,AG2502P7600.SHF,0.0,1785.0,0.0,3907.5,17.812835892051766,15.859085892051768,1.06125,0.8925000000000001,1.95375,3.1721343918483496,open
2025-01-07,2025-01-07T15:00:00.000000,999863.7120677925,-118.47509631539043,-508.47509631539043,1012.5,-622.5,390.0,964238.040283689,0.0,0.0,0.0,0.0,AG2502.SHF,-508.47509631539043,-32229.819014810775,AG2502C7600.SHF,1012.5,3135.0,AG2502P7600.SHF,-622.5,1162.5,390.0,4297.5,0.0,0.0,0.0,0.0,0.0,0.0,mtm
2025-01-08,2025-01-08T15:00:00.000000,999939.5372671842,75.82519939173989,-29.174800608260107,112.5,-7.5,105.0,964313.8654830807,0.0,0.0,0.0,0.0,AG2502.SHF,-29.174800608260107,-32258.99381541903,AG2502C7600.SHF,112.5,3247.5,AG2502P7600.SHF,-7.5,1155.0,105.0,4402.5,0.0,0.0,0.0,0.0,0.0,0.0,mtm
2025-01-09,2025-01-09T15:00:00.000000,999853.6841799928,-85.85308719148883,-70.85308719148883,105.0,-120.0,-15.0,964228.0123958893,0.0,0.0,0.0,0.0,AG2502.SHF,-70.85308719148883,-32329.84690261052,AG2502C7600.SHF,105.0,3352.5,AG2502P7600.SHF,-120.0,1035.0,-15.0,4387.5,0.0,0.0,0.0,0.0,0.0,0.0,mtm
2025-01-10,2025-01-10T15:00:00.000000,999890.2962330516,36.61205305882504,-195.887946941175,480.0,-247.5,232.5,964264.6244489481,0.0,0.0,0.0,0.0,AG2502.SHF,-195.887946941175,-32525.734849551696,AG2502C7600.SHF,480.0,3832.5,AG2502P7600.SHF,-247.5,787.5,232.5,4620.0,0.0,0.0,0.0,0.0,0.0,0.0,mtm
2025-01-13,2025-01-13T15:00:00.000000,999496.1702360929,-394.1259969586995,145.87400304130054,-510.0,-30.0,-540.0,963870.4984519894,0.0,0.0,0.0,0.0,AG2502.SHF,145.87400304130054,-32379.860846510397,AG2502C7600.SHF,-510.0,3322.5,AG2502P7600.SHF,-30.0,757.5,-540.0,4080.0,0.0,0.0,0.0,0.0,0.0,0.0,mtm
2025-01-14,2025-01-14T15:00:00.000000,999066.372422641,-429.7978134518203,725.2021865481798,-1890.0,735.0,-1155.0,963440.7006385375,0.0,0.0,0.0,0.0,AG2502.SHF,725.2021865481798,-31654.658659962217,AG2502C7600.SHF,-1890.0,1432.5,AG2502P7600.SHF,735.0,1492.5,-1155.0,2925.0,0.0,0.0,0.0,0.0,0.0,0.0,mtm
2025-01-15,2025-01-15T15:00:00.000000,998647.1139586335,-419.2584640075069,-329.2584640075069,525.0,-615.0,-90.0,963021.44217453,0.0,0.0,0.0,0.0,AG2502.SHF,-329.2584640075069,-31983.91712396972,AG2502C7600.SHF,525.0,1957.5,AG2502P7600.SHF,-615.0,877.5,-90.0,2835.0,0.0,0.0,0.0,0.0,0.0,0.0,mtm
2025-01-16,2025-01-16T15:00:00.000000,999728.8060245046,0.0,0.0,0.0,0.0,0.0,999728.8060245046,32720.72671333133,3757.5,247.5,4005.0,AG2502.SHF,0.0,0.0,AG2502C7600.SHF,0.0,0.0,AG2502P7600.SHF,0.0,0.0,0.0,0.0,18.362863356665667,16.360363356665665,1.8787500000000001,0.12375,2.0025,3.2717454967828488,close
2025-01-16,2025-01-16T15:00:00.000000,999711.5300634858,0.0,0.0,0.0,0.0,0.0,965159.6080258705,-27981.922037615375,-2940.0,-3630.0,-6570.0,AG2503.SHF,0.0,27981.922037615375,AG2503C7900.SHF,0.0,2940.0,AG2503P7900.SHF,0.0,3630.0,0.0,6570.0,17.27596101880769,13.990961018807688,1.47,1.815,3.285,2.797912412519053,open
2025-01-17,2025-01-17T15:00:00.000000,999767.2881962636,55.75813277774168,-131.74186722225832,67.5,120.0,187.5,965215.3661586483,0.0,0.0,0.0,0.0,AG2503.SHF,-131.74186722225832,27847.3822579806,AG2503C7900.SHF,67.5,3007.5,AG2503P7900.SHF,120.0,3750.0,187.5,6757.5,0.0,0.0,0.0,0.0,0.0,0.0,mtm
2025-01-20,2025-01-20T15:00:00.000000,999602.9709628852,-164.31723337843982,-224.3172333784398,-840.0,900.0,60.0,965051.0489252699,0.0,0.0,0.0,0.0,AG2503.SHF,-224.3172333784398,27623.06502460216,AG2503C7900.SHF,-840.0,2167.5,AG2503P7900.SHF,900.0,4650.0,60.0,6817.5,0.0,0.0,0.0,0.0,0.0,0.0,mtm
2025-01-21,2025-01-21T15:00:00.000000,999146.3798279753,-456.5911349098953,53.40886509010472,37.5,-547.5,-510.0,964594.45779036,0.0,0.0,0.0,0.0,AG2503.SHF,53.40886509010472,27676.473889692264,AG2503C7900.SHF,37.5,2205.0,AG2503P7900.SHF,-547.5,4102.5,-510.0,6307.5,0.0,0.0,0.0,0.0,0.0,0.0,mtm
2025-01-22,2025-01-22T15:00:00.000000,999310.0157851375,163.6359571621885,96.13595716218849,225.0,-157.5,67.5,964758.0937475222,0.0,0.0,0.0,0.0,AG2503.SHF,96.13595716218849,27772.60984685445,AG2503C7900.SHF,225.0,2430.0,AG2503P7900.SHF,-157.5,3945.0,67.5,6375.0,0.0,0.0,0.0,0.0,0.0,0.0,mtm
2025-01-23,2025-01-23T15:00:00.000000,998880.244367615,-429.7714175226074,-309.77141752260735,-645.0,525.0,-120.0,964328.3223299996,0.0,0.0,0.0,0.0,AG2503.SHF,-309.77141752260735,27462.838429331845,AG2503C7900.SHF,-645.0,1785.0,AG2503P7900.SHF,525.0,4470.0,-120.0,6255.0,0.0,0.0,0.0,0.0,0.0,0.0,mtm
2025-01-24,2025-01-24T15:00:00.000000,998719.6374639514,-160.60690366360905,199.39309633639095,127.5,-487.5,-360.0,964167.715426336,0.0,0.0,0.0,0.0,AG2503.SHF,199.39309633639095,27662.231525668238,AG2503C7900.SHF,127.5,1912.5,AG2503P7900.SHF,-487.5,3982.5,-360.0,5895.0,0.0,0.0,0.0,0.0,0.0,0.0,mtm
2025-01-27,2025-01-27T15:00:00.000000,998924.5630913987,204.92562744735778,-327.5743725526423,-382.5,915.0,532.5,964372.6410537834,0.0,0.0,0.0,0.0,AG2503.SHF,-327.5743725526423,27334.657153115597,AG2503C7900.SHF,-382.5,1530.0,AG2503P7900.SHF,915.0,4897.5,532.5,6427.5,0.0,0.0,0.0,0.0,0.0,0.0,mtm
2025-02-05,2025-02-05T15:00:00.000000,999543.6477678856,619.0846764868902,1474.0846764868902,2745.0,-3600.0,-855.0,964991.7257302703,0.0,0.0,0.0,0.0,AG2503.SHF,1474.0846764868902,28808.741829602484,AG2503C7900.SHF,2745.0,4275.0,AG2503P7900.SHF,-3600.0,1297.5,-855.0,5572.5,0.0,0.0,0.0,0.0,0.0,0.0,mtm
2025-02-06,2025-02-06T15:00:00.000000,998741.8305345072,-801.8172333784398,-224.3172333784398,-825.0,247.5,-577.5,964189.9084968918,0.0,0.0,0.0,0.0,AG2503.SHF,-224.3172333784398,28584.424596224046,AG2503C7900.SHF,-825.0,3450.0,AG2503P7900.SHF,247.5,1545.0,-577.5,4995.0,0.0,0.0,0.0,0.0,0.0,0.0,mtm
2025-02-07,2025-02-07T15:00:00.000000,998757.7393995973,15.908865090104712,53.40886509010472,120.0,-157.5,-37.5,964205.817361982,0.0,0.0,0.0,0.0,AG2503.SHF,53.40886509010472,28637.83346131415,AG2503C7900.SHF,120.0,3570.0,AG2503P7900.SHF,-157.5,1387.5,-37.5,4957.5,0.0,0.0,0.0,0.0,0.0,0.0,mtm
2025-02-10,2025-02-10T15:00:00.000000,998678.0423546273,-79.69704496996509,17.802955030034905,-22.5,-75.0,-97.5,964126.120317012,0.0,0.0,0.0,0.0,AG2503.SHF,17.802955030034905,28655.636416344183,AG2503C7900.SHF,-22.5,3547.5,AG2503P7900.SHF,-75.0,1312.5,-97.5,4860.0,0.0,0.0,0.0,0.0,0.0,0.0,mtm
2025-02-11,2025-02-11T15:00:00.000000,997696.8315281107,-981.2108265166003,-306.2108265166004,-832.5,157.5,-675.0,963144.9094904953,0.0,0.0,0.0,0.0,AG2503.SHF,-306.2108265166004,28349.425589827584,AG2503C7900.SHF,-832.5,2715.0,AG2503P7900.SHF,157.5,1470.0,-675.0,4185.0,0.0,0.0,0.0,0.0,0.0,0.0,mtm
2025-02-12,2025-02-12T15:00:00.000000,997522.2862090566,-174.54531905406282,-32.04531905406283,-315.0,172.5,-142.5,962970.3641714413,0.0,0.0,0.0,0.0,AG2503.SHF,-32.04531905406283,28317.380270773523,AG2503C7900.SHF,-315.0,2400.0,AG2503P7900.SHF,172.5,1642.5,-142.5,4042.5,0.0,0.0,0.0,0.0,0.0,0.0,mtm
2025-02-13,2025-02-13T15:00:00.000000,997839.7852154531,317.4990063964608,234.99900639646077,525.0,-442.5,82.5,963287.8631778378,0.0,0.0,0.0,0.0,AG2503.SHF,234.99900639646077,28552.379277169985,AG2503C7900.SHF,525.0,2925.0,AG2503P7900.SHF,-442.5,1200.0,82.5,4125.0,0.0,0.0,0.0,0.0,0.0,0.0,mtm
2025-02-14,2025-02-14T15:00:00.000000,1000823.0393738167,2983.254158363585,808.2541583635848,2805.0,-630.0,2175.0,966271.1173362014,0.0,0.0,0.0,0.0,AG2503.SHF,808.2541583635848,29360.633435533568,AG2503C7900.SHF,2805.0,5730.0,AG2503P7900.SHF,-630.0,570.0,2175.0,6300.0,0.0,0.0,0.0,0.0,0.0,0.0,mtm
2025-02-17,2025-02-17T15:00:00.000000,997058.497532375,-3764.5418414416754,-854.5418414416755,-3277.5,367.5,-2910.0,962506.5754947597,0.0,0.0,0.0,0.0,AG2503.SHF,-854.5418414416755,28506.091594091893,AG2503C7900.SHF,-3277.5,2452.5,AG2503P7900.SHF,367.5,937.5,-2910.0,3390.0,0.0,0.0,0.0,0.0,0.0,0.0,mtm
2025-02-18,2025-02-18T15:00:00.000000,997325.0118107235,266.5142783484049,206.5142783484049,450.0,-390.0,60.0,962773.0897731081,0.0,0.0,0.0,0.0,AG2503.SHF,206.5142783484049,28712.605872440294,AG2503C7900.SHF,450.0,2902.5,AG2503P7900.SHF,-390.0,547.5,60.0,3450.0,0.0,0.0,0.0,0.0,0.0,0.0,mtm
2025-02-19,2025-02-19T15:00:00.000000,995487.6513736151,0.0,0.0,0.0,0.0,0.0,995487.6513736151,28898.42706403909,3495.0,337.5,3832.5,AG2503.SHF,0.0,0.0,AG2503C7900.SHF,0.0,0.0,AG2503P7900.SHF,0.0,0.0,0.0,0.0,16.365463532019543,14.449213532019545,1.7475,0.16875,1.91625,2.8901317195765817,close
2025-02-19,2025-02-19T15:00:00.000000,995480.0745465258,0.0,0.0,0.0,0.0,0.0,980326.4203679264,-7856.154178599472,-3862.5,-3435.0,-7297.5,AG2504.SHF,0.0,7856.154178599472,AG2504C8100.SHF,0.0,3862.5,AG2504P8100.SHF,0.0,3435.0,0.0,7297.5,7.576827089299736,3.928077089299736,1.9312500000000001,1.7175,3.64875,0.7855368641731405,open
2025-02-20,2025-02-20T15:00:00.000000,995592.0642820923,111.98973556640794,14.489735566407955,187.5,-90.0,97.5,980438.4101034928,0.0,0.0,0.0,0.0,AG2504.SHF,14.489735566407955,7869.858377301707,AG2504C8100.SHF,187.5,4050.0,AG2504P8100.SHF,-90.0,3345.0,97.5,7395.0,0.0,0.0,0.0,0.0,0.0,0.0,mtm
2025-02-21,2025-02-21T15:00:00.000000,995196.0950753931,-395.9692066992239,-43.46920669922387,-465.0,112.5,-352.5,980042.4408967936,0.0,0.0,0.0,0.0,AG2504.SHF,-43.46920669922387,7826.389170602483,AG2504C8100.SHF,-465.0,3585.0,AG2504P8100.SHF,112.5,3457.5,-352.5,7042.5,0.0,0.0,0.0,0.0,0.0,0.0,mtm
2025-02-24,2025-02-24T15:00:00.000000,994641.6053398267,-554.489735566408,-14.489735566407955,-450.0,-90.0,-540.0,979487.9511612272,0.0,0.0,0.0,0.0,AG2504.SHF,-14.489735566407955,7811.8994350360745,AG2504C8100.SHF,-450.0,3135.0,AG2504P8100.SHF,-90.0,3367.5,-540.0,6502.5,0.0,0.0,0.0,0.0,0.0,0.0,mtm
2025-02-25,2025-02-25T15:00:00.000000,993793.9865738502,-847.6187659765704,-67.61876597657046,-885.0,105.0,-780.0,978640.3323952507,0.0,0.0,0.0,0.0,AG2504.SHF,-67.61876597657046,7744.280669059504,AG2504C8100.SHF,-885.0,2250.0,AG2504P8100.SHF,105.0,3472.5,-780.0,5722.5,0.0,0.0,0.0,0.0,0.0,0.0,mtm
2025-02-26,2025-02-26T15:00:00.000000,993752.3305659165,-41.65600793360659,-109.15600793360659,-817.5,885.0,67.5,978598.676387317,0.0,0.0,0.0,0.0,AG2504.SHF,-109.15600793360659,7635.1246611258985,AG2504C8100.SHF,-817.5,1432.5,AG2504P8100.SHF,885.0,4357.5,67.5,5790.0,0.0,0.0,0.0,0.0,0.0,0.0,mtm
2025-02-27,2025-02-27T15:00:00.000000,993740.9666364321,-11.363929484375461,-3.8639294843754546,-67.5,60.0,-7.5,978587.3124578326,0.0,0.0,0.0,0.0,AG2504.SHF,-3.8639294843754546,7631.260731641522,AG2504C8100.SHF,-67.5,1365.0,AG2504P8100.SHF,60.0,4417.5,-7.5,5782.5,0.0,0.0,0.0,0.0,0.0,0.0,mtm
2025-02-28,2025-02-28T15:00:00.000000,993695.5654649907,-45.40117144141158,-45.40117144141159,-322.5,322.5,0.0,978541.9112863912,0.0,0.0,0.0,0.0,AG2504.SHF,-45.40117144141159,7585.859560200111,AG2504C8100.SHF,-322.5,1042.5,AG2504P8100.SHF,322.5,4740.0,0.0,5782.5,0.0,0.0,0.0,0.0,0.0,0.0,mtm
2025-03-03,2025-03-03T15:00:00.000000,993341.3068127212,-354.25865226952703,35.74134773047296,60.0,-450.0,-390.0,978187.6526341217,0.0,0.0,0.0,0.0,AG2504.SHF,35.74134773047296,7621.600907930584,AG2504C8100.SHF,60.0,1102.5,AG2504P8100.SHF,-450.0,4290.0,-390.0,5392.5,0.0,0.0,0.0,0.0,0.0,0.0,mtm
2025-03-04,2025-03-04T15:00:00.000000,992975.1739665337,-366.1328461874946,46.36715381250546,142.5,-555.0,-412.5,977821.5197879343,0.0,0.0,0.0,0.0,AG2504.SHF,46.36715381250546,7667.9680617430895,AG2504C8100.SHF,142.5,1245.0,AG2504P8100.SHF,-555.0,3735.0,-412.5,4980.0,0.0,0.0,0.0,0.0,0.0,0.0,mtm
2025-03-05,2025-03-05T15:00:00.000000,992805.0071027173,-170.16686381640068,47.33313618359932,300.0,-517.5,-217.5,977651.3529241178,0.0,0.0,0.0,0.0,AG2504.SHF,47.33313618359932,7715.3011979266885,AG2504C8100.SHF,300.0,1545.0,AG2504P8100.SHF,-517.5,3217.5,-217.5,4762.5,0.0,0.0,0.0,0.0,0.0,0.0,mtm
2025-03-06,2025-03-06T15:00:00.000000,992776.0918510649,-28.915251652335655,68.58474834766432,435.0,-532.5,-97.5,977622.4376724655,0.0,0.0,0.0,0.0,AG2504.SHF,68.58474834766432,7783.885946274353,AG2504C8100.SHF,435.0,1980.0,AG2504P8100.SHF,-532.5,2685.0,-97.5,4665.0,0.0,0.0,0.0,0.0,0.0,0.0,mtm
2025-03-07,2025-03-07T15:00:00.000000,992631.432027354,-144.65982371093864,-9.659823710938637,-142.5,7.5,-135.0,977477.7778487545,0.0,0.0,0.0,0.0,AG2504.SHF,-9.659823710938637,7774.226122563415,AG2504C8100.SHF,-142.5,1837.5,AG2504P8100.SHF,7.5,2692.5,-135.0,4530.0,0.0,0.0,0.0,0.0,0.0,0.0,mtm
2025-03-10,2025-03-10T15:00:00.000000,992301.6598863228,-329.7721410312491,7.727858968750909,-90.0,-247.5,-337.5,977148.0057077233,0.0,0.0,0.0,0.0,AG2504.SHF,7.727858968750909,7781.953981532166,AG2504C8100.SHF,-90.0,1747.5,AG2504P8100.SHF,-247.5,2445.0,-337.5,4192.5,0.0,0.0,0.0,0.0,0.0,0.0,mtm
2025-03-11,2025-03-11T15:00:00.000000,992016.768979315,-284.8909070078196,-59.89090700781954,-585.0,360.0,-225.0,976863.1148007155,0.0,0.0,0.0,0.0,AG2504.SHF,-59.89090700781954,7722.063074524345,AG2504C8100.SHF,-585.0,1162.5,AG2504P8100.SHF,360.0,2805.0,-225.0,3967.5,0.0,0.0,0.0,0.0,0.0,0.0,mtm
2025-03-12,2025-03-12T15:00:00.000000,991986.1496218892,-30.619357425772478,74.3806425742275,502.5,-607.5,-105.0,976832.4954432898,0.0,0.0,0.0,0.0,AG2504.SHF,74.3806425742275,7796.443717098573,AG2504C8100.SHF,502.5,1665.0,AG2504P8100.SHF,-607.5,2197.5,-105.0,3862.5,0.0,0.0,0.0,0.0,0.0,0.0,mtm
2025-03-13,2025-03-13T15:00:00.000000,991594.1085641548,-392.04105773436817,57.95894226563182,262.5,-712.5,-450.0,976440.4543855553,0.0,0.0,0.0,0.0,AG2504.SHF,57.95894226563182,7854.402659364206,AG2504C8100.SHF,262.5,1927.5,AG2504P8100.SHF,-712.5,1485.0,-450.0,3412.5,0.0,0.0,0.0,0.0,0.0,0.0,mtm
2025-03-14,2025-03-14T15:00:00.000000,993658.3865623932,2064.277998238307,219.27799823830705,2632.5,-787.5,1845.0,978504.7323837937,0.0,0.0,0.0,0.0,AG2504.SHF,219.27799823830705,8073.680657602513,AG2504C8100.SHF,2632.5,4560.0,AG2504P8100.SHF,-787.5,697.5,1845.0,5257.5,0.0,0.0,0.0,0.0,0.0,0.0,mtm
2025-03-17,2025-03-17T15:00:00.000000,993185.202985487,-473.1835769062527,-23.18357690625273,-375.0,-75.0,-450.0,978031.5488068875,0.0,0.0,0.0,0.0,AG2504.SHF,-23.18357690625273,8050.497080696259,AG2504C8100.SHF,-375.0,4185.0,AG2504P8100.SHF,-75.0,622.5,-450.0,4807.5,0.0,0.0,0.0,0.0,0.0,0.0,mtm
2025-03-18,2025-03-18T15:00:00.000000,993088.1587034245,-97.04428206249818,15.455717937501818,30.0,-142.5,-112.5,977934.504524825,0.0,0.0,0.0,0.0,AG2504.SHF,15.455717937501818,8065.952798633761,AG2504C8100.SHF,30.0,4215.0,AG2504P8100.SHF,-142.5,480.0,-112.5,4695.0,0.0,0.0,0.0,0.0,0.0,0.0,mtm
2025-03-19,2025-03-19T15:00:00.000000,992958.954597651,-129.20410577343682,5.795894226563182,15.0,-150.0,-135.0,977805.3004190515,0.0,0.0,0.0,0.0,AG2504.SHF,5.795894226563182,8071.748692860325,AG2504C8100.SHF,15.0,4230.0,AG2504P8100.SHF,-150.0,330.0,-135.0,4560.0,0.0,0.0,0.0,0.0,0.0,0.0,mtm
2025-03-20,2025-03-20T15:00:00.000000,989843.5726455343,0.0,0.0,0.0,0.0,0.0,989843.5726455343,8046.79437366962,3735.0,262.5,3997.5,AG2504.SHF,0.0,0.0,AG2504C8100.SHF,0.0,0.0,AG2504P8100.SHF,0.0,0.0,0.0,0.0,6.022147186834809,4.02339718683481,1.8675,0.13125,1.99875,0.8047599133581348,close
2025-03-20,2025-03-20T15:00:00.000000,989833.080853083,0.0,0.0,0.0,0.0,0.0,968849.4959506154,-14241.084902467686,-3765.0,-2977.5,-6742.5,AG2505.SHF,0.0,14241.084902467686,AG2505C8300.SHF,0.0,3765.0,AG2505P8300.SHF,0.0,2977.5,0.0,6742.5,10.491792451233843,7.1205424512338436,1.8825,1.48875,3.37125,1.424250915337329,open
2025-03-21,2025-03-21T15:00:00.000000,989569.8199646027,-263.26088848040354,254.23911151959638,-1350.0,832.5,-517.5,968586.235062135,0.0,0.0,0.0,0.0,AG2505.SHF,254.23911151959638,-13988.270041863429,AG2505C8300.SHF,-1350.0,2415.0,AG2505P8300.SHF,832.5,3810.0,-517.5,6225.0,0.0,0.0,0.0,0.0,0.0,0.0,mtm
2025-03-24,2025-03-24T15:00:00.000000,989063.1552486039,-506.6647159988124,-71.6647159988124,52.5,-487.5,-435.0,968079.5703461362,0.0,0.0,0.0,0.0,AG2505.SHF,-71.6647159988124,-14059.934757862242,AG2505C8300.SHF,52.5,2467.5,AG2505P8300.SHF,-487.5,3322.5,-435.0,5790.0,0.0,0.0,0.0,0.0,0.0,0.0,mtm
2025-03-25,2025-03-25T15:00:00.000000,988628.1552486039,-435.0,-0.0,-232.5,-202.5,-435.0,967644.5703461362,0.0,0.0,0.0,0.0,AG2505.SHF,-0.0,-14059.934757862242,AG2505C8300.SHF,-232.5,2235.0,AG2505P8300.SHF,-202.5,3120.0,-435.0,5355.0,0.0,0.0,0.0,0.0,0.0,0.0,mtm
2025-03-26,2025-03-26T15:00:00.000000,988647.0493392737,18.89409066983353,-191.1059093301664,967.5,-757.5,210.0,967663.464436806,0.0,0.0,0.0,0.0,AG2505.SHF,-191.1059093301664,-14251.040667192407,AG2505C8300.SHF,967.5,3202.5,AG2505P8300.SHF,-757.5,2362.5,210.0,5565.0,0.0,0.0,0.0,0.0,0.0,0.0,mtm
2025-03-27,2025-03-27T15:00:00.000000,988141.8115227025,-505.2378165712589,-10.237816571258914,-232.5,-262.5,-495.0,967158.2266202348,0.0,0.0,0.0,0.0,AG2505.SHF,-10.237816571258914,-14261.278483763668,AG2505C8300.SHF,-232.5,2970.0,AG2505P8300.SHF,-262.5,2100.0,-495.0,5070.0,0.0,0.0,0.0,0.0,0.0,0.0,mtm
2025-03-28,2025-03-28T15:00:00.000000,988847.9291360397,706.1176133372919,-238.882386662708,1522.5,-577.5,945.0,967864.344233572,0.0,0.0,0.0,0.0,AG2505.SHF,-238.882386662708,-14500.160870426374,AG2505C8300.SHF,1522.5,4492.5,AG2505P8300.SHF,-577.5,1522.5,945.0,6015.0,0.0,0.0,0.0,0.0,0.0,0.0,mtm
2025-03-31,2025-03-31T15:00:00.000000,988765.4291360397,-82.5,-0.0,-97.5,15.0,-82.5,967781.844233572,0.0,0.0,0.0,0.0,AG2505.SHF,-0.0,-14500.160870426374,AG2505C8300.SHF,-97.5,4395.0,AG2505P8300.SHF,15.0,1537.5,-82.5,5932.5,0.0,0.0,0.0,0.0,0.0,0.0,mtm
2025-04-01,2025-04-01T15:00:00.000000,988667.727054228,-97.70208181175764,134.79791818824236,-645.0,412.5,-232.5,967684.1421517603,0.0,0.0,0.0,0.0,AG2505.SHF,134.79791818824236,-14365.362952238132,AG2505C8300.SHF,-645.0,3750.0,AG2505P8300.SHF,412.5,1950.0,-232.5,5700.0,0.0,0.0,0.0,0.0,0.0,0.0,mtm
2025-04-02,2025-04-02T15:00:00.000000,988368.1224398462,-299.6046143818289,52.89538561817105,-405.0,52.5,-352.5,967384.5375373785,0.0,0.0,0.0,0.0,AG2505.SHF,52.89538561817105,-14312.467566619962,AG2505C8300.SHF,-405.0,3345.0,AG2505P8300.SHF,52.5,2002.5,-352.5,5347.5,0.0,0.0,0.0,0.0,0.0,0.0,mtm
2025-04-03,2025-04-03T15:00:00.000000,987843.9905326051,-524.1319072410926,180.86809275890747,-1117.5,412.5,-705.0,966860.4056301374,0.0,0.0,0.0,0.0,AG2505.SHF,180.86809275890747,-14131.599473861053,AG2505C8300.SHF,-1117.5,2227.5,AG2505P8300.SHF,412.5,2415.0,-705.0,4642.5,0.0,0.0,0.0,0.0,0.0,0.0,mtm
2025-04-07,2025-04-07T15:00:00.000000,995949.9511996337,8105.960667028505,1153.4606670285043,-1702.5,8655.0,6952.5,974966.366297166,0.0,0.0,0.0,0.0,AG2505.SHF,1153.4606670285043,-12978.13880683255,AG2505C8300.SHF,-1702.5,525.0,AG2505P8300.SHF,8655.0,11070.0,6952.5,11595.0,0.0,0.0,0.0,0.0,0.0,0.0,mtm
2025-04-08,2025-04-08T15:00:00.000000,994008.6847952548,-1941.26640437886,-126.26640437885993,-90.0,-1725.0,-1815.0,973025.0998927872,0.0,0.0,0.0,0.0,AG2505.SHF,-126.26640437885993,-13104.40521121141,AG2505C8300.SHF,-90.0,435.0,AG2505P8300.SHF,-1725.0,9345.0,-1815.0,9780.0,0.0,0.0,0.0,0.0,0.0,0.0,mtm
2025-04-09,2025-04-09T15:00:00.000000,993432.418390876,-576.26640437886,-126.26640437885993,90.0,-540.0,-450.0,972448.8334884084,0.0,0.0,0.0,0.0,AG2505.SHF,-126.26640437885993,-13230.671615590269,AG2505C8300.SHF,90.0,525.0,AG2505P8300.SHF,-540.0,8805.0,-450.0,9330.0,0.0,0.0,0.0,0.0,0.0,0.0,mtm
2025-04-10,2025-04-10T15:00:00.000000,990213.8569943107,-3218.561396565321,-368.5613965653209,225.0,-3075.0,-2850.0,969230.2720918431,0.0,0.0,0.0,0.0,AG2505.SHF,-368.5613965653209,-13599.23301215559,AG2505C8300.SHF,225.0,750.0,AG2505P8300.SHF,-3075.0,5730.0,-2850.0,6480.0,0.0,0.0,0.0,0.0,0.0,0.0,mtm
2025-04-11,2025-04-11T15:00:00.000000,990537.3885081201,323.53151380938243,8.531513809382428,142.5,172.5,315.0,969553.8036056524,0.0,0.0,0.0,0.0,AG2505.SHF,8.531513809382428,-13590.701498346209,AG2505C8300.SHF,142.5,892.5,AG2505P8300.SHF,172.5,5902.5,315.0,6795.0,0.0,0.0,0.0,0.0,0.0,0.0,mtm
2025-04-14,2025-04-14T15:00:00.000000,989297.6321766949,-1239.7563314251784,-204.75633142517827,405.0,-1440.0,-1035.0,968314.0472742273,0.0,0.0,0.0,0.0,AG2505.SHF,-204.75633142517827,-13795.457829771387,AG2505C8300.SHF,405.0,1297.5,AG2505P8300.SHF,-1440.0,4462.5,-1035.0,5760.0,0.0,0.0,0.0,0.0,0.0,0.0,mtm
2025-04-15,2025-04-15T15:00:00.000000,987852.3972861255,-1445.2348905694776,-117.7348905694775,-195.0,-1132.5,-1327.5,966868.8123836578,0.0,0.0,0.0,0.0,AG2505.SHF,-117.7348905694775,-13913.192720340863,AG2505C8300.SHF,-195.0,1102.5,AG2505P8300.SHF,-1132.5,3330.0,-1327.5,4432.5,0.0,0.0,0.0,0.0,0.0,0.0,mtm
2025-04-16,2025-04-16T15:00:00.000000,987262.8371845084,-589.5601016169835,-124.56010161698345,337.5,-802.5,-465.0,966279.2522820408,0.0,0.0,0.0,0.0,AG2505.SHF,-124.56010161698345,-14037.752821957847,AG2505C8300.SHF,337.5,1440.0,AG2505P8300.SHF,-802.5,2527.5,-465.0,3967.5,0.0,0.0,0.0,0.0,0.0,0.0,mtm
2025-04-17,2025-04-17T15:00:00.000000,987353.9846806016,91.14749609323047,121.14749609323047,-585.0,555.0,-30.0,966370.399778134,0.0,0.0,0.0,0.0,AG2505.SHF,121.14749609323047,-13916.605325864617,AG2505C8300.SHF,-585.0,855.0,AG2505P8300.SHF,555.0,3082.5,-30.0,3937.5,0.0,0.0,0.0,0.0,0.0,0.0,mtm
2025-04-18,2025-04-18T15:00:00.000000,986829.3414054585,-524.6432751431116,15.35672485688837,-307.5,-232.5,-540.0,965845.7565029908,0.0,0.0,0.0,0.0,AG2505.SHF,15.35672485688837,-13901.248601007728,AG2505C8300.SHF,-307.5,547.5,AG2505P8300.SHF,-232.5,2850.0,-540.0,3397.5,0.0,0.0,0.0,0.0,0.0,0.0,mtm
2025-04-21,2025-04-21T15:00:00.000000,982726.8266033314,0.0,0.0,0.0,0.0,0.0,982726.8266033314,14054.514857769416,945.0,1890.0,2835.0,AG2505.SHF,0.0,0.0,AG2505C8300.SHF,0.0,0.0,AG2505P8300.SHF,0.0,0.0,0.0,0.0,8.444757428884708,7.027257428884709,0.47250000000000003,0.9450000000000001,1.4175,1.405310954680987,close
2025-04-21,2025-04-21T15:00:00.000000,982718.530069002,0.0,0.0,0.0,0.0,0.0,966125.4614099986,-7923.068659003351,-4665.0,-4005.0,-8670.0,AG2506.SHF,0.0,7923.068659003351,AG2506C8200.SHF,0.0,4665.0,AG2506P8200.SHF,0.0,4005.0,0.0,8670.0,8.296534329501675,3.9615343295016756,2.3325,2.0025,4.335,0.792227643135264,open
2025-04-22,2025-04-22T15:00:00.000000,983038.4044257996,319.87435679770874,-70.12564320229123,-382.5,772.5,390.0,966445.3357667963,0.0,0.0,0.0,0.0,AG2506.SHF,-70.12564320229123,7852.150788157924,AG2506C8200.SHF,-382.5,4282.5,AG2506P8200.SHF,772.5,4777.5,390.0,9060.0,0.0,0.0,0.0,0.0,0.0,0.0,mtm
2025-04-23,2025-04-23T15:00:00.000000,982634.9200570333,-403.4843687663386,24.015631233661377,0.0,-427.5,-427.5,966041.85139803,0.0,0.0,0.0,0.0,AG2506.SHF,24.015631233661377,7876.166419391586,AG2506C8200.SHF,0.0,4282.5,AG2506P8200.SHF,-427.5,4350.0,-427.5,8632.5,0.0,0.0,0.0,0.0,0.0,0.0,mtm
2025-04-24,2025-04-24T15:00:00.000000,982645.6007062199,10.68064918660616,93.18064918660615,660.0,-742.5,-82.5,966052.5320472165,0.0,0.0,0.0,0.0,AG2506.SHF,93.18064918660615,7969.347068578192,AG2506C8200.SHF,660.0,4942.5,AG2506P8200.SHF,-742.5,3607.5,-82.5,8550.0,0.0,0.0,0.0,0.0,0.0,0.0,mtm
2025-04-25,2025-04-25T15:00:00.000000,982195.2307022304,-450.3700039895433,-15.370003989543282,-292.5,-142.5,-435.0,965602.162043227,0.0,0.0,0.0,0.0,AG2506.SHF,-15.370003989543282,7953.977064588648,AG2506C8200.SHF,-292.5,4650.0,AG2506P8200.SHF,-142.5,3465.0,-435.0,8115.0,0.0,0.0,0.0,0.0,0.0,0.0,mtm
2025-04-28,2025-04-28T15:00:00.000000,981322.6406743035,-872.590027926803,-107.59002792680297,-1275.0,510.0,-765.0,964729.5720153002,0.0,0.0,0.0,0.0,AG2506.SHF,-107.59002792680297,7846.387036661846,AG2506C8200.SHF,-1275.0,3375.0,AG2506P8200.SHF,510.0,3975.0,-765.0,7350.0,0.0,0.0,0.0,0.0,0.0,0.0,mtm
2025-04-29,2025-04-29T15:00:00.000000,981502.7900610229,180.14938671928337,45.149386719283385,450.0,-315.0,135.0,964909.7214020195,0.0,0.0,0.0,0.0,AG2506.SHF,45.149386719283385,7891.53642338113,AG2506C8200.SHF,450.0,3825.0,AG2506P8200.SHF,-315.0,3660.0,135.0,7485.0,0.0,0.0,0.0,0.0,0.0,0.0,mtm
2025-04-30,2025-04-30T15:00:00.000000,982333.5894277944,830.799366771567,-31.70063322843302,172.5,690.0,862.5,965740.5207687911,0.0,0.0,0.0,0.0,AG2506.SHF,-31.70063322843302,7859.835790152696,AG2506C8200.SHF,172.5,3997.5,AG2506P8200.SHF,690.0,4350.0,862.5,8347.5,0.0,0.0,0.0,0.0,0.0,0.0,mtm
2025-05-06,2025-05-06T15:00:00.000000,979587.0025660098,-2746.586861784638,50.913138215362125,-990.0,-1807.5,-2797.5,962993.9339070064,0.0,0.0,0.0,0.0,AG2506.SHF,50.913138215362125,7910.748928368057,AG2506C8200.SHF,-990.0,3007.5,AG2506P8200.SHF,-1807.5,2542.5,-2797.5,5550.0,0.0,0.0,0.0,0.0,0.0,0.0,mtm
2025-05-07,2025-05-07T15:00:00.000000,979363.3331952486,-223.66937076111026,16.33062923888974,22.5,-262.5,-240.0,962770.2645362453,0.0,0.0,0.0,0.0,AG2506.SHF,16.33062923888974,7927.079557606948,AG2506C8200.SHF,22.5,3030.0,AG2506P8200.SHF,-262.5,2280.0,-240.0,5310.0,0.0,0.0,0.0,0.0,0.0,0.0,mtm
2025-05-08,2025-05-08T15:00:00.000000,979144.0544058519,-219.27878939673997,-151.7787893967399,-1222.5,1155.0,-67.5,962550.9857468485,0.0,0.0,0.0,0.0,AG2506.SHF,-151.7787893967399,7775.300768210208,AG2506C8200.SHF,-1222.5,1807.5,AG2506P8200.SHF,1155.0,3435.0,-67.5,5242.5,0.0,0.0,0.0,0.0,0.0,0.0,mtm
2025-05-09,2025-05-09T15:00:00.000000,978637.6406743035,-506.4137315483623,71.08626845163768,285.0,-862.5,-577.5,962044.5720153002,0.0,0.0,0.0,0.0,AG2506.SHF,71.08626845163768,7846.387036661846,AG2506C8200.SHF,285.0,2092.5,AG2506P8200.SHF,-862.5,2572.5,-577.5,4665.0,0.0,0.0,0.0,0.0,0.0,0.0,mtm
2025-05-12,2025-05-12T15:00:00.000000,978601.6206902617,-36.01998404182689,61.48001595817313,435.0,-532.5,-97.5,962008.5520312584,0.0,0.0,0.0,0.0,AG2506.SHF,61.48001595817313,7907.8670526200185,AG2506C8200.SHF,435.0,2527.5,AG2506P8200.SHF,-532.5,2040.0,-97.5,4567.5,0.0,0.0,0.0,0.0,0.0,0.0,mtm
2025-05-13,2025-05-13T15:00:00.000000,978251.6325620202,-349.98812824150394,-12.488128241503917,-292.5,-45.0,-337.5,961658.5639030169,0.0,0.0,0.0,0.0,AG2506.SHF,-12.488128241503917,7895.378924378515,AG2506C8200.SHF,-292.5,2235.0,AG2506P8200.SHF,-45.0,1995.0,-337.5,4230.0,0.0,0.0,0.0,0.0,0.0,0.0,mtm
2025-05-14,2025-05-14T15:00:00.000000,977763.9831753009,-487.64938671928337,-45.149386719283385,-570.0,127.5,-442.5,961170.9145162975,0.0,0.0,0.0,0.0,AG2506.SHF,-45.149386719283385,7850.229537659231,AG2506C8200.SHF,-570.0,1665.0,AG2506P8200.SHF,127.5,2122.5,-442.5,3787.5,0.0,0.0,0.0,0.0,0.0,0.0,mtm
2025-05-15,2025-05-15T15:00:00.000000,978197.6100051692,433.6268298682917,-173.87317013170838,-1050.0,1657.5,607.5,961604.5413461658,0.0,0.0,0.0,0.0,AG2506.SHF,-173.87317013170838,7676.356367527523,AG2506C8200.SHF,-1050.0,615.0,AG2506P8200.SHF,1657.5,3780.0,607.5,4395.0,0.0,0.0,0.0,0.0,0.0,0.0,mtm
2025-05-16,2025-05-16T15:00:00.000000,977340.987528109,-856.6224770601261,88.37752293987387,225.0,-1170.0,-945.0,960747.9188691056,0.0,0.0,0.0,0.0,AG2506.SHF,88.37752293987387,7764.733890467397,AG2506C8200.SHF,225.0,840.0,AG2506P8200.SHF,-1170.0,2610.0,-945.0,3450.0,0.0,0.0,0.0,0.0,0.0,0.0,mtm
2025-05-19,2025-05-19T15:00:00.000000,976696.7275360881,-644.2599920209134,30.740007979086563,-105.0,-570.0,-675.0,960103.6588770847,0.0,0.0,0.0,0.0,AG2506.SHF,30.740007979086563,7795.473898446483,AG2506C8200.SHF,-105.0,735.0,AG2506P8200.SHF,-570.0,2040.0,-675.0,2775.0,0.0,0.0,0.0,0.0,0.0,0.0,mtm
2025-05-20,2025-05-20T15:00:00.000000,976725.4325221247,28.704986036598484,-53.79501396340149,-375.0,457.5,82.5,960132.3638631214,0.0,0.0,0.0,0.0,AG2506.SHF,-53.79501396340149,7741.678884483083,AG2506C8200.SHF,-375.0,360.0,AG2506P8200.SHF,457.5,2497.5,82.5,2857.5,0.0,0.0,0.0,0.0,0.0,0.0,mtm
2025-05-21,2025-05-21T15:00:00.000000,970490.0087704255,0.0,0.0,0.0,0.0,0.0,970490.0087704255,7925.3263204643645,1605.0,832.5,2437.5,AG2506.SHF,0.0,0.0,AG2506C8200.SHF,0.0,0.0,AG2506P8200.SHF,0.0,0.0,0.0,0.0,5.181413160232182,3.9626631602321822,0.8025,0.41625,1.21875,0.7926118932357796,close
2025-05-21,2025-05-21T15:00:00.000000,970471.9638159726,0.0,0.0,0.0,0.0,0.0,934382.0549099847,-29624.908905987817,-2962.5,-3502.5,-6465.0,AG2507.SHF,0.0,29624.908905987817,AG2507C8300.SHF,0.0,2962.5,AG2507P8300.SHF,0.0,3502.5,0.0,6465.0,18.044954452993906,14.812454452993908,1.48125,1.75125,3.2325,2.9621946711324716,open
2025-05-22,2025-05-22T15:00:00.000000,970362.3650395431,-109.59877642938298,100.40122357061702,105.0,-315.0,-210.0,934272.4561335553,0.0,0.0,0.0,0.0,AG2507.SHF,100.40122357061702,29722.3479348873,AG2507C8300.SHF,105.0,3067.5,AG2507P8300.SHF,-315.0,3187.5,-210.0,6255.0,0.0,0.0,0.0,0.0,0.0,0.0,mtm
2025-05-23,2025-05-23T15:00:00.000000,969662.9492680646,-699.4157714786064,-121.91577147860639,-592.5,15.0,-577.5,933573.0403620767,0.0,0.0,0.0,0.0,AG2507.SHF,-121.91577147860639,29600.432163408695,AG2507C8300.SHF,-592.5,2475.0,AG2507P8300.SHF,15.0,3202.5,-577.5,5677.5,0.0,0.0,0.0,0.0,0.0,0.0,mtm
2025-05-26,2025-05-26T15:00:00.000000,969068.1498798499,-594.7993882146915,50.20061178530851,-240.0,-405.0,-645.0,932978.240973862,0.0,0.0,0.0,0.0,AG2507.SHF,50.20061178530851,29650.632775194004,AG2507C8300.SHF,-240.0,2235.0,AG2507P8300.SHF,-405.0,2797.5,-645.0,5032.5,0.0,0.0,0.0,0.0,0.0,0.0,mtm
2025-05-27,2025-05-27T15:00:00.000000,968631.5901587546,-436.5597210952287,-211.55972109522872,-547.5,322.5,-225.0,932541.6812527667,0.0,0.0,0.0,0.0,AG2507.SHF,-211.55972109522872,29439.07305409877,AG2507C8300.SHF,-547.5,1687.5,AG2507P8300.SHF,322.5,3120.0,-225.0,4807.5,0.0,0.0,0.0,0.0,0.0,0.0,mtm
2025-05-28,2025-05-28T15:00:00.000000,968529.5189486779,-102.07121007667553,17.928789923324466,22.5,-142.5,-120.0,932439.6100426901,0.0,0.0,0.0,0.0,AG2507.SHF,17.928789923324466,29457.001844022096,AG2507C8300.SHF,22.5,1710.0,AG2507P8300.SHF,-142.5,2977.5,-120.0,4687.5,0.0,0.0,0.0,0.0,0.0,0.0,mtm
2025-05-29,2025-05-29T15:00:00.000000,968596.6904646473,67.17151596932979,7.1715159693297865,22.5,37.5,60.0,932506.7815586594,0.0,0.0,0.0,0.0,AG2507.SHF,7.1715159693297865,29464.17335999143,AG2507C8300.SHF,22.5,1732.5,AG2507P8300.SHF,37.5,3015.0,60.0,4747.5,0.0,0.0,0.0,0.0,0.0,0.0,mtm
2025-05-30,2025-05-30T15:00:00.000000,968526.2616747239,-70.42878992332447,-17.928789923324466,-127.5,75.0,-52.5,932436.3527687361,0.0,0.0,0.0,0.0,AG2507.SHF,-17.928789923324466,29446.244570068102,AG2507C8300.SHF,-127.5,1605.0,AG2507P8300.SHF,75.0,3090.0,-52.5,4695.0,0.0,0.0,0.0,0.0,0.0,0.0,mtm
2025-06-03,2025-06-03T15:00:00.000000,969778.4860111969,1252.2243364729256,824.7243364729254,2010.0,-1582.5,427.5,933688.577105209,0.0,0.0,0.0,0.0,AG2507.SHF,824.7243364729254,30270.968906541028,AG2507C8300.SHF,2010.0,3615.0,AG2507P8300.SHF,-1582.5,1507.5,427.5,5122.5,0.0,0.0,0.0,0.0,0.0,0.0,mtm
2025-06-04,2025-06-04T15:00:00.000000,969678.6866229821,-99.79938821469149,50.20061178530851,15.0,-165.0,-150.0,933588.7777169943,0.0,0.0,0.0,0.0,AG2507.SHF,50.20061178530851,30321.169518326336,AG2507C8300.SHF,15.0,3630.0,AG2507P8300.SHF,-165.0,1342.5,-150.0,4972.5,0.0,0.0,0.0,0.0,0.0,0.0,mtm
2025-06-05,2025-06-05T15:00:00.000000,969662.3726868595,-16.313936122680857,28.686063877319146,45.0,-90.0,-45.0,933572.4637808716,0.0,0.0,0.0,0.0,AG2507.SHF,28.686063877319146,30349.855582203654,AG2507C8300.SHF,45.0,3675.0,AG2507P8300.SHF,-90.0,1252.5,-45.0,4927.5,0.0,0.0,0.0,0.0,0.0,0.0,mtm
2025-06-06,2025-06-06T15:00:00.000000,975622.7892050628,5960.41651820333,1355.4165182033298,5115.0,-510.0,4605.0,939532.8802990749,0.0,0.0,0.0,0.0,AG2507.SHF,1355.4165182033298,31705.272100406986,AG2507C8300.SHF,5115.0,8790.0,AG2507P8300.SHF,-510.0,742.5,4605.0,9532.5,0.0,0.0,0.0,0.0,0.0,0.0,mtm
2025-06-09,2025-06-09T15:00:00.000000,976224.6774101887,601.8882051258989,204.3882051258989,660.0,-262.5,397.5,940134.7685042009,0.0,0.0,0.0,0.0,AG2507.SHF,204.3882051258989,31909.66030553288,AG2507C8300.SHF,660.0,9450.0,AG2507P8300.SHF,-262.5,480.0,397.5,9930.0,0.0,0.0,0.0,0.0,0.0,0.0,mtm
2025-06-10,2025-06-10T15:00:00.000000,975560.4622504954,-664.2151596932979,-71.71515969329786,-472.5,-120.0,-592.5,939470.5533445076,0.0,0.0,0.0,0.0,AG2507.SHF,-71.71515969329786,31837.945145839585,AG2507C8300.SHF,-472.5,8977.5,AG2507P8300.SHF,-120.0,360.0,-592.5,9337.5,0.0,0.0,0.0,0.0,0.0,0.0,mtm
2025-06-11,2025-06-11T15:00:00.000000,975671.3198303421,110.85757984664895,35.85757984664893,157.5,-82.5,75.0,939581.4109243542,0.0,0.0,0.0,0.0,AG2507.SHF,35.85757984664893,31873.802725686237,AG2507C8300.SHF,157.5,9135.0,AG2507P8300.SHF,-82.5,277.5,75.0,9412.5,0.0,0.0,0.0,0.0,0.0,0.0,mtm
2025-06-12,2025-06-12T15:00:00.000000,974551.6307075382,-1119.6891228038617,-279.68912280386166,-787.5,-52.5,-840.0,938461.7218015504,0.0,0.0,0.0,0.0,AG2507.SHF,-279.68912280386166,31594.113602882375,AG2507C8300.SHF,-787.5,8347.5,AG2507P8300.SHF,-52.5,225.0,-840.0,8572.5,0.0,0.0,0.0,0.0,0.0,0.0,mtm
2025-06-13,2025-06-13T15:00:00.000000,973637.9722100137,-913.6584975246117,-111.15849752461169,-840.0,37.5,-802.5,937548.0633040258,0.0,0.0,0.0,0.0,AG2507.SHF,-111.15849752461169,31482.95510535776,AG2507C8300.SHF,-840.0,7507.5,AG2507P8300.SHF,37.5,262.5,-802.5,7770.0,0.0,0.0,0.0,0.0,0.0,0.0,mtm
2025-06-16,2025-06-16T15:00:00.000000,974504.3037529709,866.3315429572128,243.83154295721278,720.0,-97.5,622.5,938414.394846983,0.0,0.0,0.0,0.0,AG2507.SHF,243.83154295721278,31726.786648314977,AG2507C8300.SHF,720.0,8227.5,AG2507P8300.SHF,-97.5,165.0,622.5,8392.5,0.0,0.0,0.0,0.0,0.0,0.0,mtm
2025-06-17,2025-06-17T15:00:00.000000,974683.3183008789,179.01454790798937,21.51454790798936,187.5,-30.0,157.5,938593.409394891,0.0,0.0,0.0,0.0,AG2507.SHF,21.51454790798936,31748.30119622296,AG2507C8300.SHF,187.5,8415.0,AG2507P8300.SHF,-30.0,135.0,157.5,8550.0,0.0,0.0,0.0,0.0,0.0,0.0,mtm
2025-06-18,2025-06-18T15:00:00.000000,977878.7547381185,3195.436437239681,645.4364372396808,2610.0,-60.0,2550.0,941788.8458321306,0.0,0.0,0.0,0.0,AG2507.SHF,645.4364372396808,32393.737633462646,AG2507C8300.SHF,2610.0,11025.0,AG2507P8300.SHF,-60.0,75.0,2550.0,11100.0,0.0,0.0,0.0,0.0,0.0,0.0,mtm
2025-06-19,2025-06-19T15:00:00.000000,981206.069156302,0.0,0.0,0.0,0.0,0.0,981206.069156302,31569.441795068888,7755.0,112.5,7867.5,AG2507.SHF,0.0,0.0,AG2507C8300.SHF,0.0,0.0,AG2507P8300.SHF,0.0,0.0,0.0,0.0,19.71847089753444,15.784720897534443,3.8775,0.05625,3.93375,3.157259905494934,close
2025-06-19,2025-06-19T15:00:00.000000,981182.9327638849,0.0,0.0,0.0,0.0,0.0,934910.1479297035,-37865.28483418138,-4342.5,-4065.0,-8407.5,AG2508.SHF,0.0,37865.28483418138,AG2508C8800.SHF,0.0,4342.5,AG2508P8800.SHF,0.0,4065.0,0.0,8407.5,23.13639241709069,18.93264241709069,2.17125,2.0325,4.20375,3.7869071741369016,open
2025-06-20,2025-06-20T15:00:00.000000,981226.0077859861,43.07502210115706,665.5750221011571,-1402.5,780.0,-622.5,934953.2229518046,0.0,0.0,0.0,0.0,AG2508.SHF,665.5750221011571,-37203.496719254355,AG2508C8800.SHF,-1402.5,2940.0,AG2508P8800.SHF,780.0,4845.0,-622.5,7785.0,0.0,0.0,0.0,0.0,0.0,0.0,mtm
2025-06-23,2025-06-23T15:00:00.000000,980328.3403515168,-897.6674344691785,-455.16743446917843,525.0,-967.5,-442.5,934055.5555173354,0.0,0.0,0.0,0.0,AG2508.SHF,-455.16743446917843,-37658.66415372354,AG2508C8800.SHF,525.0,3465.0,AG2508P8800.SHF,-967.5,3877.5,-442.5,7342.5,0.0,0.0,0.0,0.0,0.0,0.0,mtm
2025-06-24,2025-06-24T15:00:00.000000,980191.4553559371,-136.88499557976854,133.11500442023143,-405.0,135.0,-270.0,933918.6705217557,0.0,0.0,0.0,0.0,AG2508.SHF,133.11500442023143,-37525.54914930331,AG2508C8800.SHF,-405.0,3060.0,AG2508P8800.SHF,135.0,4012.5,-270.0,7072.5,0.0,0.0,0.0,0.0,0.0,0.0,mtm
2025-06-25,2025-06-25T15:00:00.000000,979752.2777771456,-439.1775787915159,55.822421208484144,-352.5,-142.5,-495.0,933479.4929429642,0.0,0.0,0.0,0.0,AG2508.SHF,55.822421208484144,-37469.72672809482,AG2508C8800.SHF,-352.5,2707.5,AG2508P8800.SHF,-142.5,3870.0,-495.0,6577.5,0.0,0.0,0.0,0.0,0.0,0.0,mtm
2025-06-26,2025-06-26T15:00:00.000000,979429.1955091,-323.08226804568386,-300.58226804568386,517.5,-540.0,-22.5,933156.4106749186,0.0,0.0,0.0,0.0,AG2508.SHF,-300.58226804568386,-37770.308996140506,AG2508C8800.SHF,517.5,3225.0,AG2508P8800.SHF,-540.0,3330.0,-22.5,6555.0,0.0,0.0,0.0,0.0,0.0,0.0,mtm
2025-06-27,2025-06-27T15:00:00.000000,979641.3716387026,212.1761296026105,17.17612960261051,45.0,150.0,195.0,933368.5868045212,0.0,0.0,0.0,0.0,AG2508.SHF,17.17612960261051,-37753.13286653789,AG2508C8800.SHF,45.0,3270.0,AG2508P8800.SHF,150.0,3480.0,195.0,6750.0,0.0,0.0,0.0,0.0,0.0,0.0,mtm
2025-06-30,2025-06-30T15:00:00.000000,979410.1926107222,-231.17902798042118,128.82097201957882,-352.5,-7.5,-360.0,933137.4077765407,0.0,0.0,0.0,0.0,AG2508.SHF,128.82097201957882,-37624.311894518316,AG2508C8800.SHF,-352.5,2917.5,AG2508P8800.SHF,-7.5,3472.5,-360.0,6390.0,0.0,0.0,0.0,0.0,0.0,0.0,mtm
2025-07-01,2025-07-01T15:00:00.000000,979256.5790554908,-153.61355523132607,-206.11355523132607,375.0,-322.5,52.5,932983.7942213094,0.0,0.0,0.0,0.0,AG2508.SHF,-206.11355523132607,-37830.425449749644,AG2508C8800.SHF,375.0,3292.5,AG2508P8800.SHF,-322.5,3150.0,52.5,6442.5,0.0,0.0,0.0,0.0,0.0,0.0,mtm
2025-07-02,2025-07-02T15:00:00.000000,979309.6030967319,53.024041241115526,270.5240412411155,-592.5,375.0,-217.5,933036.8182625505,0.0,0.0,0.0,0.0,AG2508.SHF,270.5240412411155,-37559.90140850853,AG2508C8800.SHF,-592.5,2700.0,AG2508P8800.SHF,375.0,3525.0,-217.5,6225.0,0.0,0.0,0.0,0.0,0.0,0.0,mtm
2025-07-03,2025-07-03T15:00:00.000000,979183.6787138034,-125.92438292856752,-845.9243829285675,1860.0,-1140.0,720.0,932910.893879622,0.0,0.0,0.0,0.0,AG2508.SHF,-845.9243829285675,-38405.82579143709,AG2508C8800.SHF,1860.0,4560.0,AG2508P8800.SHF,-1140.0,2385.0,720.0,6945.0,0.0,0.0,0.0,0.0,0.0,0.0,mtm
2025-07-04,2025-07-04T15:00:00.000000,978638.5295238197,-545.1491899836843,107.35081001631568,-547.5,-105.0,-652.5,932365.7446896383,0.0,0.0,0.0,0.0,AG2508.SHF,107.35081001631568,-38298.474981420775,AG2508C8800.SHF,-547.5,4012.5,AG2508P8800.SHF,-105.0,2280.0,-652.5,6292.5,0.0,0.0,0.0,0.0,0.0,0.0,mtm
2025-07-07,2025-07-07T15:00:00.000000,978322.8490466503,-315.68047716932654,201.81952283067346,-592.5,75.0,-517.5,932050.0642124689,0.0,0.0,0.0,0.0,AG2508.SHF,201.81952283067346,-38096.6554585901,AG2508C8800.SHF,-592.5,3420.0,AG2508P8800.SHF,75.0,2355.0,-517.5,5775.0,0.0,0.0,0.0,0.0,0.0,0.0,mtm
2025-07-08,2025-07-08T15:00:00.000000,978008.4712970151,-314.37774963524186,-231.87774963524186,345.0,-427.5,-82.5,931735.6864628337,0.0,0.0,0.0,0.0,AG2508.SHF,-231.87774963524186,-38328.533208225344,AG2508C8800.SHF,345.0,3765.0,AG2508P8800.SHF,-427.5,1927.5,-82.5,5692.5,0.0,0.0,0.0,0.0,0.0,0.0,mtm
2025-07-09,2025-07-09T15:00:00.000000,977857.7908198457,-150.68047716932654,201.81952283067346,-592.5,240.0,-352.5,931585.0059856643,0.0,0.0,0.0,0.0,AG2508.SHF,201.81952283067346,-38126.71368539467,AG2508C8800.SHF,-592.5,3172.5,AG2508P8800.SHF,240.0,2167.5,-352.5,5340.0,0.0,0.0,0.0,0.0,0.0,0.0,mtm
2025-07-10,2025-07-10T15:00:00.000000,977542.6743662367,-315.1164536091368,-60.11645360913677,37.5,-292.5,-255.0,931269.8895320552,0.0,0.0,0.0,0.0,AG2508.SHF,-60.11645360913677,-38186.83013900381,AG2508C8800.SHF,37.5,3210.0,AG2508P8800.SHF,-292.5,1875.0,-255.0,5085.0,0.0,0.0,0.0,0.0,0.0,0.0,mtm
2025-07-11,2025-07-11T15:00:00.000000,978034.5083809564,491.83401471972684,-528.1659852802732,1537.5,-517.5,1020.0,931761.7235467749,0.0,0.0,0.0,0.0,AG2508.SHF,-528.1659852802732,-38714.99612428409,AG2508C8800.SHF,1537.5,4747.5,AG2508P8800.SHF,-517.5,1357.5,1020.0,6105.0,0.0,0.0,0.0,0.0,0.0,0.0,mtm
2025-07-14,2025-07-14T15:00:00.000000,978369.58109965,335.0727186936218,-699.9272813063782,1627.5,-592.5,1035.0,932096.7962654686,0.0,0.0,0.0,0.0,AG2508.SHF,-699.9272813063782,-39414.92340559046,AG2508C8800.SHF,1627.5,6375.0,AG2508P8800.SHF,-592.5,765.0,1035.0,7140.0,0.0,0.0,0.0,0.0,0.0,0.0,mtm
2025-07-15,2025-07-15T15:00:00.000000,978002.9944840376,-366.5866156123999,-81.58661561239991,-30.0,-255.0,-285.0,931730.2096498562,0.0,0.0,0.0,0.0,AG2508.SHF,-81.58661561239991,-39496.51002120286,AG2508C8800.SHF,-30.0,6345.0,AG2508P8800.SHF,-255.0,510.0,-285.0,6855.0,0.0,0.0,0.0,0.0,0.0,0.0,mtm
2025-07-16,2025-07-16T15:00:00.000000,977228.9588492853,-774.0356347523582,313.46436524764175,-1050.0,-37.5,-1087.5,930956.1740151038,0.0,0.0,0.0,0.0,AG2508.SHF,313.46436524764175,-39183.04565595522,AG2508C8800.SHF,-1050.0,5295.0,AG2508P8800.SHF,-37.5,472.5,-1087.5,5767.5,0.0,0.0,0.0,0.0,0.0,0.0,mtm
2025-07-17,2025-07-17T15:00:00.000000,977052.0483632755,-176.9104860097894,-64.41048600978941,52.5,-165.0,-112.5,930779.263529094,0.0,0.0,0.0,0.0,AG2508.SHF,-64.41048600978941,-39247.456141965005,AG2508C8800.SHF,52.5,5347.5,AG2508P8800.SHF,-165.0,307.5,-112.5,5655.0,0.0,0.0,0.0,0.0,0.0,0.0,mtm
2025-07-18,2025-07-18T15:00:00.000000,978006.8809288063,954.8325655308215,-455.16743446917843,1567.5,-157.5,1410.0,931734.0960946248,0.0,0.0,0.0,0.0,AG2508.SHF,-455.16743446917843,-39702.62357643419,AG2508C8800.SHF,1567.5,6915.0,AG2508P8800.SHF,-157.5,150.0,1410.0,7065.0,0.0,0.0,0.0,0.0,0.0,0.0,mtm
2025-07-21,2025-07-21T15:00:00.000000,978277.7286282054,0.0,0.0,0.0,0.0,0.0,978277.7286282054,39689.41599157626,6772.5,105.0,6877.5,AG2508.SHF,0.0,0.0,AG2508C8800.SHF,0.0,0.0,AG2508P8800.SHF,0.0,0.0,0.0,0.0,23.28345799578813,19.84470799578813,3.38625,0.0525,3.43875,3.9685447446808957,close
2025-07-21,2025-07-21T15:00:00.000000,978269.0725200699,0.0,0.0,0.0,0.0,0.0,960956.856249262,-8897.216270807914,-3795.0,-4620.0,-8415.0,AG2509.SHF,0.0,8897.216270807914,AG2509C9300.SHF,0.0,3795.0,AG2509P9300.SHF,0.0,4620.0,0.0,8415.0,8.656108135403958,4.4486081354039575,1.8975,2.31,4.2075,0.8896326638141974,open
2025-07-22,2025-07-22T15:00:00.000000,978066.7022413368,-202.37027873306556,120.12972126693447,885.0,-1207.5,-322.5,960754.4859705289,0.0,0.0,0.0,0.0,AG2509.SHF,120.12972126693447,9016.456359411035,AG2509C9300.SHF,885.0,4680.0,AG2509P9300.SHF,-1207.5,3412.5,-322.5,8092.5,0.0,0.0,0.0,0.0,0.0,0.0,mtm
2025-07-23,2025-07-23T15:00:00.000000,978557.42290504,490.7206637031411,93.22066370314116,735.0,-337.5,397.5,961245.2066342321,0.0,0.0,0.0,0.0,AG2509.SHF,93.22066370314116,9109.677023114175,AG2509C9300.SHF,735.0,5415.0,AG2509P9300.SHF,-337.5,3075.0,397.5,8490.0,0.0,0.0,0.0,0.0,0.0,0.0,mtm
2025-07-24,2025-07-24T15:00:00.000000,977731.3321460029,-826.09075903707,-121.09075903706994,-1252.5,547.5,-705.0,960419.115875195,0.0,0.0,0.0,0.0,AG2509.SHF,-121.09075903706994,8988.586264077105,AG2509C9300.SHF,-1252.5,4162.5,AG2509P9300.SHF,547.5,3622.5,-705.0,7785.0,0.0,0.0,0.0,0.0,0.0,0.0,mtm
2025-07-25,2025-07-25T15:00:00.000000,977641.8970524862,-89.43509351674857,23.06490648325142,337.5,-450.0,-112.5,960329.6807816783,0.0,0.0,0.0,0.0,AG2509.SHF,23.06490648325142,9011.651170560357,AG2509C9300.SHF,337.5,4500.0,AG2509P9300.SHF,-450.0,3172.5,-112.5,7672.5,0.0,0.0,0.0,0.0,0.0,0.0,mtm
2025-07-28,2025-07-28T15:00:00.000000,976589.6764804826,-1052.2205720035727,-167.22057200357278,-1882.5,997.5,-885.0,959277.4602096747,0.0,0.0,0.0,0.0,AG2509.SHF,-167.22057200357278,8844.430598556783,AG2509C9300.SHF,-1882.5,2617.5,AG2509P9300.SHF,997.5,4170.0,-885.0,6787.5,0.0,0.0,0.0,0.0,0.0,0.0,mtm
2025-07-29,2025-07-29T15:00:00.000000,975976.0336495396,-613.6428309429805,-21.142830942980467,-367.5,-225.0,-592.5,958663.8173787317,0.0,0.0,0.0,0.0,AG2509.SHF,-21.142830942980467,8823.287767613803,AG2509C9300.SHF,-367.5,2250.0,AG2509P9300.SHF,-225.0,3945.0,-592.5,6195.0,0.0,0.0,0.0,0.0,0.0,0.0,mtm
2025-07-30,2025-07-30T15:00:00.000000,975853.1505362291,-122.88311331040643,-2.8831133104064275,-135.0,15.0,-120.0,958540.9342654212,0.0,0.0,0.0,0.0,AG2509.SHF,-2.8831133104064275,8820.404654303398,AG2509C9300.SHF,-135.0,2115.0,AG2509P9300.SHF,15.0,3960.0,-120.0,6075.0,0.0,0.0,0.0,0.0,0.0,0.0,mtm
2025-07-31,2025-07-31T15:00:00.000000,976346.7026998346,493.5521636054789,-173.94783639452112,-997.5,1665.0,667.5,959034.4864290267,0.0,0.0,0.0,0.0,AG2509.SHF,-173.94783639452112,8646.456817908875,AG2509C9300.SHF,-997.5,1117.5,AG2509P9300.SHF,1665.0,5625.0,667.5,6742.5,0.0,0.0,0.0,0.0,0.0,0.0,mtm
2025-08-01,2025-08-01T15:00:00.000000,977041.1703382925,694.4676384579427,-85.53236154205734,-255.0,1035.0,780.0,959728.9540674846,0.0,0.0,0.0,0.0,AG2509.SHF,-85.53236154205734,8560.924456366818,AG2509C9300.SHF,-255.0,862.5,AG2509P9300.SHF,1035.0,6660.0,780.0,7522.5,0.0,0.0,0.0,0.0,0.0,0.0,mtm
2025-08-04,2025-08-04T15:00:00.000000,975830.916946249,-1210.2533920434719,117.24660795652805,330.0,-1657.5,-1327.5,958518.7006754411,0.0,0.0,0.0,0.0,AG2509.SHF,117.24660795652805,8678.171064323347,AG2509C9300.SHF,330.0,1192.5,AG2509P9300.SHF,-1657.5,5002.5,-1327.5,6195.0,0.0,0.0,0.0,0.0,0.0,0.0,mtm
2025-08-05,2025-08-05T15:00:00.000000,975205.5143059739,-625.4026402751228,34.59735972487713,-180.0,-480.0,-660.0,957893.298035166,0.0,0.0,0.0,0.0,AG2509.SHF,34.59735972487713,8712.768424048225,AG2509C9300.SHF,-180.0,1012.5,AG2509P9300.SHF,-480.0,4522.5,-660.0,5535.0,0.0,0.0,0.0,0.0,0.0,0.0,mtm
2025-08-06,2025-08-06T15:00:00.000000,974583.5401585277,-621.9741474461814,98.02585255381854,427.5,-1147.5,-720.0,957271.3238877198,0.0,0.0,0.0,0.0,AG2509.SHF,98.02585255381854,8810.794276602042,AG2509C9300.SHF,427.5,1440.0,AG2509P9300.SHF,-1147.5,3375.0,-720.0,4815.0,0.0,0.0,0.0,0.0,0.0,0.0,mtm
2025-08-07,2025-08-07T15:00:00.000000,974508.5011045983,-75.03905392943284,74.96094607056712,495.0,-645.0,-150.0,957196.2848337904,0.0,0.0,0.0,0.0,AG2509.SHF,74.96094607056712,8885.75522267261,AG2509C9300.SHF,495.0,1935.0,AG2509P9300.SHF,-645.0,2730.0,-150.0,4665.0,0.0,0.0,0.0,0.0,0.0,0.0,mtm
2025-08-08,2025-08-08T15:00:00.000000,974117.1439355413,-391.3571690570195,21.142830942980467,-45.0,-367.5,-412.5,956804.9276647334,0.0,0.0,0.0,0.0,AG2509.SHF,21.142830942980467,8906.89805361559,AG2509C9300.SHF,-45.0,1890.0,AG2509P9300.SHF,-367.5,2362.5,-412.5,4252.5,0.0,0.0,0.0,0.0,0.0,0.0,mtm
2025-08-11,2025-08-11T15:00:00.000000,973780.832329402,-336.3116061393479,-66.31160613934783,-712.5,442.5,-270.0,956468.6160585941,0.0,0.0,0.0,0.0,AG2509.SHF,-66.31160613934783,8840.586447476242,AG2509C9300.SHF,-712.5,1177.5,AG2509P9300.SHF,442.5,2805.0,-270.0,3982.5,0.0,0.0,0.0,0.0,0.0,0.0,mtm
2025-08-12,2025-08-12T15:00:00.000000,973496.2284606888,-284.60386871311596,-22.103868713115943,-232.5,-30.0,-262.5,956184.012189881,0.0,0.0,0.0,0.0,AG2509.SHF,-22.103868713115943,8818.482578763127,AG2509C9300.SHF,-232.5,945.0,AG2509P9300.SHF,-30.0,2775.0,-262.5,3720.0,0.0,0.0,0.0,0.0,0.0,0.0,mtm
2025-08-13,2025-08-13T15:00:00.000000,973295.4036531738,-200.82480751496223,106.67519248503781,712.5,-1020.0,-307.5,955983.1873823659,0.0,0.0,0.0,0.0,AG2509.SHF,106.67519248503781,8925.157771248165,AG2509C9300.SHF,712.5,1657.5,AG2509P9300.SHF,-1020.0,1755.0,-307.5,3412.5,0.0,0.0,0.0,0.0,0.0,0.0,mtm
2025-08-14,2025-08-14T15:00:00.000000,973083.2932754725,-212.11037770135476,-9.610377701354759,-210.0,7.5,-202.5,955771.0770046646,0.0,0.0,0.0,0.0,AG2509.SHF,-9.610377701354759,8915.547393546809,AG2509C9300.SHF,-210.0,1447.5,AG2509P9300.SHF,7.5,1762.5,-202.5,3210.0,0.0,0.0,0.0,0.0,0.0,0.0,mtm
2025-08-15,2025-08-15T15:00:00.000000,973203.1440272408,119.85075176834903,-82.64924823165092,-525.0,727.5,202.5,955890.9277564329,0.0,0.0,0.0,0.0,AG2509.SHF,-82.64924823165092,8832.89814531516,AG2509C9300.SHF,-525.0,922.5,AG2509P9300.SHF,727.5,2490.0,202.5,3412.5,0.0,0.0,0.0,0.0,0.0,0.0,mtm
2025-08-18,2025-08-18T15:00:00.000000,972776.9621423684,-426.1818848724133,53.818115127586644,150.0,-630.0,-480.0,955464.7458715605,0.0,0.0,0.0,0.0,AG2509.SHF,53.818115127586644,8886.716260442745,AG2509C9300.SHF,150.0,1072.5,AG2509P9300.SHF,-630.0,1860.0,-480.0,2932.5,0.0,0.0,0.0,0.0,0.0,0.0,mtm
2025-08-19,2025-08-19T15:00:00.000000,972513.7284606888,-263.2336816796188,-68.23368167961878,-622.5,427.5,-195.0,955201.512189881,0.0,0.0,0.0,0.0,AG2509.SHF,-68.23368167961878,8818.482578763127,AG2509C9300.SHF,-622.5,450.0,AG2509P9300.SHF,427.5,2287.5,-195.0,2737.5,0.0,0.0,0.0,0.0,0.0,0.0,mtm
2025-08-20,2025-08-20T15:00:00.000000,968187.7019190609,0.0,0.0,0.0,0.0,0.0,968187.7019190609,8680.186072215989,120.0,4192.5,4312.5,AG2509.SHF,0.0,0.0,AG2509C9300.SHF,0.0,0.0,AG2509P9300.SHF,0.0,0.0,0.0,0.0,6.496343036107994,4.340093036107994,0.06,2.09625,2.15625,0.8681054177633221,close
2025-08-20,2025-08-20T15:00:00.000000,968165.1937036432,0.0,0.0,0.0,0.0,0.0,923148.762868224,-38776.43083541924,-3480.0,-2760.0,-6240.0,AG2510.SHF,0.0,38776.43083541924,AG2510C9000.SHF,0.0,3480.0,AG2510P9000.SHF,0.0,2760.0,0.0,6240.0,22.508215417709618,19.38821541770962,1.74,1.3800000000000001,3.12,3.878030886626455,open
2025-08-21,2025-08-21T15:00:00.000000,967890.5247074082,-274.6689962349817,-514.6689962349817,975.0,-735.0,240.0,922874.0938719889,0.0,0.0,0.0,0.0,AG2510.SHF,-514.6689962349817,-39294.97786254084,AG2510C9000.SHF,975.0,4455.0,AG2510P9000.SHF,-735.0,2025.0,240.0,6480.0,0.0,0.0,0.0,0.0,0.0,0.0,mtm
2025-08-22,2025-08-22T15:00:00.000000,968031.8574583494,141.33275094125457,-128.66724905874543,345.0,-75.0,270.0,923015.4266229302,0.0,0.0,0.0,0.0,AG2510.SHF,-128.66724905874543,-39423.64511159959,AG2510C9000.SHF,345.0,4800.0,AG2510P9000.SHF,-75.0,1950.0,270.0,6750.0,0.0,0.0,0.0,0.0,0.0,0.0,mtm
2025-08-25,2025-08-25T15:00:00.000000,968687.9979813539,656.1405230044475,-866.3594769955524,2265.0,-742.5,1522.5,923671.5671459347,0.0,0.0,0.0,0.0,AG2510.SHF,-866.3594769955524,-40290.00458859514,AG2510C9000.SHF,2265.0,7065.0,AG2510P9000.SHF,-742.5,1207.5,1522.5,8272.5,0.0,0.0,0.0,0.0,0.0,0.0,mtm
2025-08-26,2025-08-26T15:00:00.000000,968282.0543134322,-405.9436679216728,171.55633207832722,-585.0,7.5,-577.5,923265.623478013,0.0,0.0,0.0,0.0,AG2510.SHF,171.55633207832722,-40118.448256516815,AG2510C9000.SHF,-585.0,6480.0,AG2510P9000.SHF,7.5,1215.0,-577.5,7695.0,0.0,0.0,0.0,0.0,0.0,0.0,mtm
2025-08-27,2025-08-27T15:00:00.000000,967787.2108202281,-494.8434932040492,210.1565067959508,-675.0,-30.0,-705.0,922770.7799848089,0.0,0.0,0.0,0.0,AG2510.SHF,210.1565067959508,-39908.29174972087,AG2510C9000.SHF,-675.0,5805.0,AG2510P9000.SHF,-30.0,1185.0,-705.0,6990.0,0.0,0.0,0.0,0.0,0.0,0.0,mtm
2025-08-28,2025-08-28T15:00:00.000000,968168.4094224871,381.19860225901107,-308.801397740989,870.0,-180.0,690.0,923151.9785870679,0.0,0.0,0.0,0.0,AG2510.SHF,-308.801397740989,-40217.093147461856,AG2510C9000.SHF,870.0,6675.0,AG2510P9000.SHF,-180.0,1005.0,690.0,7680.0,0.0,0.0,0.0,0.0,0.0,0.0,mtm
2025-08-29,2025-08-29T15:00:00.000000,968197.3092477695,28.899825282376383,-38.600174717623624,105.0,-37.5,67.5,923180.8784123503,0.0,0.0,0.0,0.0,AG2510.SHF,-38.600174717623624,-40255.69332217948,AG2510C9000.SHF,105.0,6780.0,AG2510P9000.SHF,-37.5,967.5,67.5,7747.5,0.0,0.0,0.0,0.0,0.0,0.0,mtm
2025-09-01,2025-09-01T15:00:00.000000,970556.4239183078,2359.114670538268,-1668.385329461732,4492.5,-465.0,4027.5,925539.9930828885,0.0,0.0,0.0,0.0,AG2510.SHF,-1668.385329461732,-41924.078651641204,AG2510C9000.SHF,4492.5,11272.5,AG2510P9000.SHF,-465.0,502.5,4027.5,11775.0,0.0,0.0,0.0,0.0,0.0,0.0,mtm
2025-09-02,2025-09-02T15:00:00.000000,971718.7674115119,1162.343493204049,-210.1565067959508,1402.5,-30.0,1372.5,926702.3365760926,0.0,0.0,0.0,0.0,AG2510.SHF,-210.1565067959508,-42134.23515843716,AG2510C9000.SHF,1402.5,12675.0,AG2510P9000.SHF,-30.0,472.5,1372.5,13147.5,0.0,0.0,0.0,0.0,0.0,0.0,mtm
2025-09-03,2025-09-03T15:00:00.000000,971765.9230447197,47.15563320783272,17.15563320783272,60.0,-30.0,30.0,926749.4922093005,0.0,0.0,0.0,0.0,AG2510.SHF,17.15563320783272,-42117.07952522933,AG2510C9000.SHF,60.0,12735.0,AG2510P9000.SHF,-30.0,442.5,30.0,13177.5,0.0,0.0,0.0,0.0,0.0,0.0,mtm
2025-09-04,2025-09-04T15:00:00.000000,971525.0017349118,-240.92130980796554,201.57869019203446,-457.5,15.0,-442.5,926508.5708994926,0.0,0.0,0.0,0.0,AG2510.SHF,201.57869019203446,-41915.500835037295,AG2510C9000.SHF,-457.5,12277.5,AG2510P9000.SHF,15.0,457.5,-442.5,12735.0,0.0,0.0,0.0,0.0,0.0,0.0,mtm
2025-09-05,2025-09-05T15:00:00.000000,971500.2343111355,-24.767423776369014,-167.26742377636901,157.5,-15.0,142.5,926483.8034757163,0.0,0.0,0.0,0.0,AG2510.SHF,-167.26742377636901,-42082.76825881366,AG2510C9000.SHF,157.5,12435.0,AG2510P9000.SHF,-15.0,442.5,142.5,12877.5,0.0,0.0,0.0,0.0,0.0,0.0,mtm
2025-09-08,2025-09-08T15:00:00.000000,971323.4454028335,-176.78890830195817,-4.28890830195818,-75.0,-97.5,-172.5,926307.0145674143,0.0,0.0,0.0,0.0,AG2510.SHF,-4.28890830195818,-42087.05716711562,AG2510C9000.SHF,-75.0,12360.0,AG2510P9000.SHF,-97.5,345.0,-172.5,12705.0,0.0,0.0,0.0,0.0,0.0,0.0,mtm
2025-09-09,2025-09-09T15:00:00.000000,971496.9114288689,173.46602603538005,-141.53397396461995,390.0,-75.0,315.0,926480.4805934497,0.0,0.0,0.0,0.0,AG2510.SHF,-141.53397396461995,-42228.59114108024,AG2510C9000.SHF,390.0,12750.0,AG2510P9000.SHF,-75.0,270.0,315.0,13020.0,0.0,0.0,0.0,0.0,0.0,0.0,mtm
2025-09-10,2025-09-10T15:00:00.000000,971148.8568439668,-348.054584902091,214.445415097909,-547.5,-15.0,-562.5,926132.4260085475,0.0,0.0,0.0,0.0,AG2510.SHF,214.445415097909,-42014.14572598233,AG2510C9000.SHF,-547.5,12202.5,AG2510P9000.SHF,-15.0,255.0,-562.5,12457.5,0.0,0.0,0.0,0.0,0.0,0.0,mtm
2025-09-11,2025-09-11T15:00:00.000000,971080.2790273628,-68.57781660391636,-8.57781660391636,-52.5,-7.5,-60.0,926063.8481919436,0.0,0.0,0.0,0.0,AG2510.SHF,-8.57781660391636,-42022.72354258625,AG2510C9000.SHF,-52.5,12150.0,AG2510P9000.SHF,-7.5,247.5,-60.0,12397.5,0.0,0.0,0.0,0.0,0.0,0.0,mtm
2025-09-12,2025-09-12T15:00:00.000000,972928.8077597987,1848.5287324359113,-1016.4712675640887,2985.0,-120.0,2865.0,927912.3769243795,0.0,0.0,0.0,0.0,AG2510.SHF,-1016.4712675640887,-43039.19481015034,AG2510C9000.SHF,2985.0,15135.0,AG2510P9000.SHF,-120.0,127.5,2865.0,15262.5,0.0,0.0,0.0,0.0,0.0,0.0,mtm
2025-09-15,2025-09-15T15:00:00.000000,972908.5081092339,-20.299650564752753,77.20034943524725,-60.0,-37.5,-97.5,927892.0772738147,0.0,0.0,0.0,0.0,AG2510.SHF,77.20034943524725,-42961.99446071508,AG2510C9000.SHF,-60.0,15075.0,AG2510P9000.SHF,-37.5,90.0,-97.5,15165.0,0.0,0.0,0.0,0.0,0.0,0.0,mtm
2025-09-16,2025-09-16T15:00:00.000000,973995.7174537558,1087.2093445218056,-390.29065547819437,1477.5,0.0,1477.5,928979.2866183366,0.0,0.0,0.0,0.0,AG2510.SHF,-390.29065547819437,-43352.285116193285,AG2510C9000.SHF,1477.5,16552.5,AG2510P9000.SHF,0.0,90.0,1477.5,16642.5,0.0,0.0,0.0,0.0,0.0,0.0,mtm
2025-09-17,2025-09-17T15:00:00.000000,972147.0769307513,-1848.6405230044475,866.3594769955524,-2805.0,90.0,-2715.0,927130.6460953321,0.0,0.0,0.0,0.0,AG2510.SHF,866.3594769955524,-42485.925639197725,AG2510C9000.SHF,-2805.0,13747.5,AG2510P9000.SHF,90.0,180.0,-2715.0,13927.5,0.0,0.0,0.0,0.0,0.0,0.0,mtm
2025-09-18,2025-09-18T15:00:00.000000,970189.8899443432,-1957.1869864080984,420.3130135919016,-2310.0,-67.5,-2377.5,925173.459108924,0.0,0.0,0.0,0.0,AG2510.SHF,420.3130135919016,-42065.612625605834,AG2510C9000.SHF,-2310.0,11437.5,AG2510P9000.SHF,-67.5,112.5,-2377.5,11550.0,0.0,0.0,0.0,0.0,0.0,0.0,mtm
2025-09-19,2025-09-19T15:00:00.000000,982615.7352993923,0.0,0.0,0.0,0.0,0.0,982615.7352993923,42636.011696316455,14790.0,45.0,14835.0,AG2510.SHF,0.0,0.0,AG2510C9000.SHF,0.0,0.0,AG2510P9000.SHF,0.0,0.0,0.0,0.0,28.73550584815823,21.31800584815823,7.3950000000000005,0.0225,7.4175,4.26317485214899,close
2025-09-19,2025-09-19T15:00:00.000000,982606.567860597,0.0,0.0,0.0,0.0,0.0,964271.690270168,-9409.877590428998,-4200.0,-4725.0,-8925.0,AG2511.SHF,0.0,9409.877590428998,AG2511C10000.SHF,0.0,4200.0,AG2511P10000.SHF,0.0,4725.0,0.0,8925.0,9.1674387952145,4.704938795214499,2.1,2.3625000000000003,4.4625,0.9408936696764024,open
2025-09-22,2025-09-22T15:00:00.000000,984216.1543769317,1609.5865163346452,327.0865163346453,3007.5,-1725.0,1282.5,965881.2767865027,0.0,0.0,0.0,0.0,AG2511.SHF,327.0865163346453,9736.023213093964,AG2511C10000.SHF,3007.5,7207.5,AG2511P10000.SHF,-1725.0,3000.0,1282.5,10207.5,0.0,0.0,0.0,0.0,0.0,0.0,mtm
2025-09-23,2025-09-23T15:00:00.000000,984702.0144795041,485.8601025723681,28.36010257236809,382.5,75.0,457.5,966367.136889075,0.0,0.0,0.0,0.0,AG2511.SHF,28.36010257236809,9764.383315666333,AG2511C10000.SHF,382.5,7590.0,AG2511P10000.SHF,75.0,3075.0,457.5,10665.0,0.0,0.0,0.0,0.0,0.0,0.0,mtm
2025-09-24,2025-09-24T15:00:00.000000,985223.6092966102,521.5948171061399,41.594817106139864,847.5,-367.5,480.0,966888.7317061812,0.0,0.0,0.0,0.0,AG2511.SHF,41.594817106139864,9805.978132772474,AG2511C10000.SHF,847.5,8437.5,AG2511P10000.SHF,-367.5,2707.5,480.0,11145.0,0.0,0.0,0.0,0.0,0.0,0.0,mtm
2025-09-25,2025-09-25T15:00:00.000000,984887.1800214013,-336.4292752089914,16.070724791008587,-127.5,-225.0,-352.5,966552.3024309722,0.0,0.0,0.0,0.0,AG2511.SHF,16.070724791008587,9822.04885756348,AG2511C10000.SHF,-127.5,8310.0,AG2511P10000.SHF,-225.0,2482.5,-352.5,10792.5,0.0,0.0,0.0,0.0,0.0,0.0,mtm
2025-09-26,2025-09-26T15:00:00.000000,987395.8261274465,2508.646106045173,213.64610604517296,2790.0,-495.0,2295.0,969060.9485370175,0.0,0.0,0.0,0.0,AG2511.SHF,213.64610604517296,10035.694963608654,AG2511C10000.SHF,2790.0,11100.0,AG2511P10000.SHF,-495.0,1987.5,2295.0,13087.5,0.0,0.0,0.0,0.0,0.0,0.0,mtm
2025-09-29,2025-09-29T15:00:00.000000,991498.8805206943,4103.054393247804,293.0543932478036,4215.0,-405.0,3810.0,973164.0029302653,0.0,0.0,0.0,0.0,AG2511.SHF,293.0543932478036,10328.749356856457,AG2511C10000.SHF,4215.0,15315.0,AG2511P10000.SHF,-405.0,1582.5,3810.0,16897.5,0.0,0.0,0.0,0.0,0.0,0.0,mtm
2025-09-30,2025-09-30T15:00:00.000000,990430.8564283792,-1068.0240923151314,-25.52409231513128,-975.0,-67.5,-1042.5,972095.9788379502,0.0,0.0,0.0,0.0,AG2511.SHF,-25.52409231513128,10303.225264541328,AG2511C10000.SHF,-975.0,14340.0,AG2511P10000.SHF,-67.5,1515.0,-1042.5,15855.0,0.0,0.0,0.0,0.0,0.0,0.0,mtm
2025-10-09,2025-10-09T15:00:00.000000,992960.3626369968,2529.5062086175412,242.00620861754103,3412.5,-1125.0,2287.5,974625.4850465677,0.0,0.0,0.0,0.0,AG2511.SHF,242.00620861754103,10545.231473158869,AG2511C10000.SHF,3412.5,17752.5,AG2511P10000.SHF,-1125.0,390.0,2287.5,18142.5,0.0,0.0,0.0,0.0,0.0,0.0,mtm
2025-10-10,2025-10-10T15:00:00.000000,990719.9463190224,-2240.416317974341,-87.91631797434107,-2242.5,90.0,-2152.5,972385.0687285934,0.0,0.0,0.0,0.0,AG2511.SHF,-87.91631797434107,10457.315155184526,AG2511C10000.SHF,-2242.5,15510.0,AG2511P10000.SHF,90.0,480.0,-2152.5,15990.0,0.0,0.0,0.0,0.0,0.0,0.0,mtm
2025-10-13,2025-10-13T15:00:00.000000,996937.2385311128,6217.292212090346,427.2922120903459,5917.5,-127.5,5790.0,978602.3609406837,0.0,0.0,0.0,0.0,AG2511.SHF,427.2922120903459,10884.607367274873,AG2511C10000.SHF,5917.5,21427.5,AG2511P10000.SHF,-127.5,352.5,5790.0,21780.0,0.0,0.0,0.0,0.0,0.0,0.0,mtm
2025-10-14,2025-10-14T15:00:00.000000,997256.9652148748,319.7266837620614,4.726683762061349,232.5,82.5,315.0,978922.0876244458,0.0,0.0,0.0,0.0,AG2511.SHF,4.726683762061349,10889.334051036934,AG2511C10000.SHF,232.5,21660.0,AG2511P10000.SHF,82.5,435.0,315.0,22095.0,0.0,0.0,0.0,0.0,0.0,0.0,mtm
2025-10-15,2025-10-15T15:00:00.000000,1002009.7413654218,4752.776150546925,410.276150546925,4477.5,-135.0,4342.5,983674.8637749928,0.0,0.0,0.0,0.0,AG2511.SHF,410.276150546925,11299.610201583859,AG2511C10000.SHF,4477.5,26137.5,AG2511P10000.SHF,-135.0,300.0,4342.5,26437.5,0.0,0.0,0.0,0.0,0.0,0.0,mtm
2025-10-16,2025-10-16T15:00:00.000000,1005162.9535397948,3153.212174373026,48.21217437302575,3142.5,-37.5,3105.0,986828.0759493657,0.0,0.0,0.0,0.0,AG2511.SHF,48.21217437302575,11347.822375956886,AG2511C10000.SHF,3142.5,29280.0,AG2511P10000.SHF,-37.5,262.5,3105.0,29542.5,0.0,0.0,0.0,0.0,0.0,0.0,mtm
2025-10-17,2025-10-17T15:00:00.000000,1010897.5449825923,5734.591442797585,214.59144279758522,5557.5,-37.5,5520.0,992562.6673921633,0.0,0.0,0.0,0.0,AG2511.SHF,214.59144279758522,11562.41381875447,AG2511C10000.SHF,5557.5,34837.5,AG2511P10000.SHF,-37.5,225.0,5520.0,35062.5,0.0,0.0,0.0,0.0,0.0,0.0,mtm
2025-10-20,2025-10-20T15:00:00.000000,1000973.9312696338,-9923.613712958548,-473.6137129585471,-9337.5,-112.5,-9450.0,982639.0536792048,0.0,0.0,0.0,0.0,AG2511.SHF,-473.6137129585471,11088.800105795923,AG2511C10000.SHF,-9337.5,25500.0,AG2511P10000.SHF,-112.5,112.5,-9450.0,25612.5,0.0,0.0,0.0,0.0,0.0,0.0,mtm
2025-10-21,2025-10-21T15:00:00.000000,1000985.7141687978,11.782899164034347,64.28289916403435,0.0,-52.5,-52.5,982650.8365783688,0.0,0.0,0.0,0.0,AG2511.SHF,64.28289916403435,11153.083004959957,AG2511C10000.SHF,0.0,25500.0,AG2511P10000.SHF,-52.5,60.0,-52.5,25560.0,0.0,0.0,0.0,0.0,0.0,0.0,mtm
2025-10-22,2025-10-22T15:00:00.000000,1015340.2449913241,0.0,0.0,0.0,0.0,0.0,1015340.2449913241,10775.761293602125,21862.5,67.5,21930.0,AG2511.SHF,0.0,0.0,AG2511C10000.SHF,0.0,0.0,AG2511P10000.SHF,0.0,0.0,0.0,0.0,16.352880646801065,5.3878806468010625,10.93125,0.03375,10.965,1.0776838977494372,close
2025-10-22,2025-10-22T15:00:00.000000,1015331.1115143086,0.0,0.0,0.0,0.0,0.0,997064.1574831657,-4121.954031142902,-7080.0,-7065.0,-14145.0,AG2512.SHF,0.0,4121.954031142902,AG2512C11400.SHF,0.0,7080.0,AG2512P11400.SHF,0.0,7065.0,0.0,14145.0,9.13347701557145,2.060977015571451,3.54,3.5325,7.0725,0.41223662677705,open
2025-10-23,2025-10-23T15:00:00.000000,1014228.3380072173,-1102.7735070913268,-22.773507091326707,-60.0,-1020.0,-1080.0,995961.3839760744,0.0,0.0,0.0,0.0,AG2512.SHF,-22.773507091326707,-4145.139774861006,AG2512C11400.SHF,-60.0,7020.0,AG2512P11400.SHF,-1020.0,6045.0,-1080.0,13065.0,0.0,0.0,0.0,0.0,0.0,0.0,mtm
2025-10-24,2025-10-24T15:00:00.000000,1013459.6383795558,-768.6996276614427,48.800372338557224,-1387.5,570.0,-817.5,995192.6843484129,0.0,0.0,0.0,0.0,AG2512.SHF,48.800372338557224,-4096.339402522449,AG2512C11400.SHF,-1387.5,5632.5,AG2512P11400.SHF,570.0,6615.0,-817.5,12247.5,0.0,0.0,0.0,0.0,0.0,0.0,mtm
2025-10-27,2025-10-27T15:00:00.000000,1013324.726356704,-134.91202285178184,-22.412022851781835,202.5,-315.0,-112.5,995057.7723255611,0.0,0.0,0.0,0.0,AG2512.SHF,-22.412022851781835,-4118.75142537423,AG2512C11400.SHF,202.5,5835.0,AG2512P11400.SHF,-315.0,6300.0,-112.5,12135.0,0.0,0.0,0.0,0.0,0.0,0.0,mtm
2025-10-28,2025-10-28T15:00:00.000000,1013321.938419347,-2.7879373570203825,124.71206264297959,-2497.5,2370.0,-127.5,995054.9843882042,0.0,0.0,0.0,0.0,AG2512.SHF,124.71206264297959,-3994.03936273125,AG2512C11400.SHF,-2497.5,3337.5,AG2512P11400.SHF,2370.0,8670.0,-127.5,12007.5,0.0,0.0,0.0,0.0,0.0,0.0,mtm
2025-10-29,2025-10-29T15:00:00.000000,1012579.9694741186,-741.968945228467,-104.46894522846695,1882.5,-2520.0,-637.5,994313.0154429757,0.0,0.0,0.0,0.0,AG2512.SHF,-104.46894522846695,-4098.508307959718,AG2512C11400.SHF,1882.5,5220.0,AG2512P11400.SHF,-2520.0,6150.0,-637.5,11370.0,0.0,0.0,0.0,0.0,0.0,0.0,mtm
2025-10-30,2025-10-30T15:00:00.000000,1012325.6956344799,-254.27383963868624,30.72616036131381,-780.0,495.0,-285.0,994058.741603337,0.0,0.0,0.0,0.0,AG2512.SHF,30.72616036131381,-4067.7821475984038,AG2512C11400.SHF,-780.0,4440.0,AG2512P11400.SHF,495.0,6645.0,-285.0,11085.0,0.0,0.0,0.0,0.0,0.0,0.0,mtm
2025-10-31,2025-10-31T15:00:00.000000,1011515.2365974454,-810.4590370344353,-67.95903703443526,1012.5,-1755.0,-742.5,993248.2825663026,0.0,0.0,0.0,0.0,AG2512.SHF,-67.95903703443526,-4135.741184632839,AG2512C11400.SHF,1012.5,5452.5,AG2512P11400.SHF,-1755.0,4890.0,-742.5,10342.5,0.0,0.0,0.0,0.0,0.0,0.0,mtm
2025-11-03,2025-11-03T15:00:00.000000,1010452.6758180918,-1062.5607793536283,-5.060779353628157,-420.0,-637.5,-1057.5,992185.721786949,0.0,0.0,0.0,0.0,AG2512.SHF,-5.060779353628157,-4140.801963986467,AG2512C11400.SHF,-420.0,5032.5,AG2512P11400.SHF,-637.5,4252.5,-1057.5,9285.0,0.0,0.0,0.0,0.0,0.0,0.0,mtm
2025-11-04,2025-11-04T15:00:00.000000,1010276.117898073,-176.55792001876353,78.44207998123643,-1747.5,1492.5,-255.0,992009.1638669302,0.0,0.0,0.0,0.0,AG2512.SHF,78.44207998123643,-4062.359884005231,AG2512C11400.SHF,-1747.5,3285.0,AG2512P11400.SHF,1492.5,5745.0,-255.0,9030.0,0.0,0.0,0.0,0.0,0.0,0.0,mtm
2025-11-05,2025-11-05T15:00:00.000000,1009572.3814969703,-703.736401102705,-13.736401102704997,-60.0,-630.0,-690.0,991305.4274658274,0.0,0.0,0.0,0.0,AG2512.SHF,-13.736401102704997,-4076.0962851079357,AG2512C11400.SHF,-60.0,3225.0,AG2512P11400.SHF,-630.0,5115.0,-690.0,8340.0,0.0,0.0,0.0,0.0,0.0,0.0,mtm
2025-11-06,2025-11-06T15:00:00.000000,1008662.797376799,-909.5841201712751,-54.584120171275124,660.0,-1515.0,-855.0,990395.8433456562,0.0,0.0,0.0,0.0,AG2512.SHF,-54.584120171275124,-4130.68040527921,AG2512C11400.SHF,660.0,3885.0,AG2512P11400.SHF,-1515.0,3600.0,-855.0,7485.0,0.0,0.0,0.0,0.0,0.0,0.0,mtm
2025-11-07,2025-11-07T15:00:00.000000,1008454.6927751449,-208.1046016540575,-20.604601654057497,367.5,-555.0,-187.5,990187.7387440021,0.0,0.0,0.0,0.0,AG2512.SHF,-20.604601654057497,-4151.285006933269,AG2512C11400.SHF,367.5,4252.5,AG2512P11400.SHF,-555.0,3045.0,-187.5,7297.5,0.0,0.0,0.0,0.0,0.0,0.0,mtm
2025-11-10,2025-11-10T15:00:00.000000,1009127.2439788519,672.5512037069559,-84.94879629304405,2017.5,-1260.0,757.5,990860.2899477091,0.0,0.0,0.0,0.0,AG2512.SHF,-84.94879629304405,-4236.233803226312,AG2512C11400.SHF,2017.5,6270.0,AG2512P11400.SHF,-1260.0,1785.0,757.5,8055.0,0.0,0.0,0.0,0.0,0.0,0.0,mtm
2025-11-11,2025-11-11T15:00:00.000000,1010914.0450162853,1786.8010374332762,-58.19896256672381,2325.0,-480.0,1845.0,992647.0909851424,0.0,0.0,0.0,0.0,AG2512.SHF,-58.19896256672381,-4294.432765793036,AG2512C11400.SHF,2325.0,8595.0,AG2512P11400.SHF,-480.0,1305.0,1845.0,9900.0,0.0,0.0,0.0,0.0,0.0,0.0,mtm
2025-11-12,2025-11-12T15:00:00.000000,1013049.2785580531,2135.2335417678405,-69.7664582321596,2580.0,-375.0,2205.0,994782.3245269102,0.0,0.0,0.0,0.0,AG2512.SHF,-69.7664582321596,-4364.199224025196,AG2512C11400.SHF,2580.0,11175.0,AG2512P11400.SHF,-375.0,930.0,2205.0,12105.0,0.0,0.0,0.0,0.0,0.0,0.0,mtm
2025-11-13,2025-11-13T15:00:00.000000,1019245.6141746874,6196.335616634393,-186.1643833656072,6862.5,-480.0,6382.5,1000978.6601435445,0.0,0.0,0.0,0.0,AG2512.SHF,-186.1643833656072,-4550.363607390803,AG2512C11400.SHF,6862.5,18037.5,AG2512P11400.SHF,-480.0,450.0,6382.5,18487.5,0.0,0.0,0.0,0.0,0.0,0.0,mtm
2025-11-14,2025-11-14T15:00:00.000000,1016751.2859394596,-2494.328235227866,85.6717647721338,-2617.5,37.5,-2580.0,998484.3319083167,0.0,0.0,0.0,0.0,AG2512.SHF,85.6717647721338,-4464.691842618669,AG2512C11400.SHF,-2617.5,15420.0,AG2512P11400.SHF,37.5,487.5,-2580.0,15907.5,0.0,0.0,0.0,0.0,0.0,0.0,mtm
2025-11-17,2025-11-17T15:00:00.000000,1010551.7849418175,-6199.500997642079,160.49900235792154,-6772.5,412.5,-6360.0,992284.8309106746,0.0,0.0,0.0,0.0,AG2512.SHF,160.49900235792154,-4304.192840260747,AG2512C11400.SHF,-6772.5,8647.5,AG2512P11400.SHF,412.5,900.0,-6360.0,9547.5,0.0,0.0,0.0,0.0,0.0,0.0,mtm
2025-11-18,2025-11-18T15:00:00.000000,1007803.8114745173,-2747.973467300129,79.52653269987104,-3097.5,270.0,-2827.5,989536.8574433745,0.0,0.0,0.0,0.0,AG2512.SHF,79.52653269987104,-4224.666307560876,AG2512C11400.SHF,-3097.5,5550.0,AG2512P11400.SHF,270.0,1170.0,-2827.5,6720.0,0.0,0.0,0.0,0.0,0.0,0.0,mtm
2025-11-19,2025-11-19T15:00:00.000000,1005340.6706141888,0.0,0.0,0.0,0.0,0.0,1005340.6706141888,4389.219030329478,11250.0,172.5,11422.5,AG2512.SHF,0.0,0.0,AG2512C11400.SHF,0.0,0.0,AG2512P11400.SHF,0.0,0.0,0.0,0.0,7.905859515164739,2.194609515164739,5.625,0.08625000000000001,5.71125,0.438878015231148,close
2025-11-19,2025-11-19T15:00:00.000000,1005307.5397511692,0.0,0.0,0.0,0.0,0.0,939045.8137120545,-51764.22603911464,-7575.0,-6922.5,-14497.5,AG2601.SHF,0.0,51764.22603911464,AG2601C12100.SHF,0.0,7575.0,AG2601P12100.SHF,0.0,6922.5,0.0,14497.5,33.130863019557324,25.88211301955732,3.7875,3.46125,7.24875,5.1759050134128906,open
2025-11-20,2025-11-20T15:00:00.000000,1005121.000360571,-186.5393905981889,-396.53939059818885,-600.0,810.0,210.0,938859.2743214563,0.0,0.0,0.0,0.0,AG2601.SHF,-396.53939059818885,51362.51074350304,AG2601C12100.SHF,-600.0,6975.0,AG2601P12100.SHF,810.0,7732.5,210.0,14707.5,0.0,0.0,0.0,0.0,0.0,0.0,mtm
2025-11-21,2025-11-21T15:00:00.000000,1003623.3562220639,-1497.644138507104,-1505.144138507104,-2625.0,2632.5,7.5,937361.6301829492,0.0,0.0,0.0,0.0,AG2601.SHF,-1505.144138507104,49857.366604995936,AG2601C12100.SHF,-2625.0,4350.0,AG2601P12100.SHF,2632.5,10365.0,7.5,14715.0,0.0,0.0,0.0,0.0,0.0,0.0,mtm
2025-11-24,2025-11-24T15:00:00.000000,1002738.8392739432,-884.5169481207139,532.9830518792861,195.0,-1612.5,-1417.5,936477.1132348286,0.0,0.0,0.0,0.0,AG2601.SHF,532.9830518792861,50390.34965687522,AG2601C12100.SHF,195.0,4545.0,AG2601P12100.SHF,-1612.5,8752.5,-1417.5,13297.5,0.0,0.0,0.0,0.0,0.0,0.0,mtm
2025-11-25,2025-11-25T15:00:00.000000,1003229.1649714339,490.3256974906981,1330.3256974906978,1972.5,-2812.5,-840.0,936967.4389323193,0.0,0.0,0.0,0.0,AG2601.SHF,1330.3256974906978,51720.67535436592,AG2601C12100.SHF,1972.5,6517.5,AG2601P12100.SHF,-2812.5,5940.0,-840.0,12457.5,0.0,0.0,0.0,0.0,0.0,0.0,mtm
2025-11-26,2025-11-26T15:00:00.000000,1003876.2875485223,647.1225770883946,422.12257708839456,810.0,-585.0,225.0,937614.5615094077,0.0,0.0,0.0,0.0,AG2601.SHF,422.12257708839456,52142.79793145432,AG2601C12100.SHF,810.0,7327.5,AG2601P12100.SHF,-585.0,5355.0,225.0,12682.5,0.0,0.0,0.0,0.0,0.0,0.0,mtm
2025-11-27,2025-11-27T15:00:00.000000,1007170.0166356371,3293.7290871148407,1223.729087114841,3255.0,-1185.0,2070.0,940908.2905965225,0.0,0.0,0.0,0.0,AG2601.SHF,1223.729087114841,53366.52701856916,AG2601C12100.SHF,3255.0,10582.5,AG2601P12100.SHF,-1185.0,4170.0,2070.0,14752.5,0.0,0.0,0.0,0.0,0.0,0.0,mtm
2025-11-28,2025-11-28T15:00:00.000000,1009787.4979253989,2617.481289761755,839.9812897617549,2317.5,-540.0,1777.5,943525.7718862842,0.0,0.0,0.0,0.0,AG2601.SHF,839.9812897617549,54206.50830833091,AG2601C12100.SHF,2317.5,12900.0,AG2601P12100.SHF,-540.0,3630.0,1777.5,16530.0,0.0,0.0,0.0,0.0,0.0,0.0,mtm
2025-12-01,2025-12-01T15:00:00.000000,1017937.470404573,8149.972479174099,2374.9724791740987,7155.0,-1380.0,5775.0,951675.7443654584,0.0,0.0,0.0,0.0,AG2601.SHF,2374.9724791740987,56581.48078750501,AG2601C12100.SHF,7155.0,20055.0,AG2601P12100.SHF,-1380.0,2250.0,5775.0,22305.0,0.0,0.0,0.0,0.0,0.0,0.0,mtm
2025-12-02,2025-12-02T15:00:00.000000,1020086.758473583,2149.2880690100405,626.7880690100404,1695.0,-172.5,1522.5,953825.0324344684,0.0,0.0,0.0,0.0,AG2601.SHF,626.7880690100404,57208.268856515046,AG2601C12100.SHF,1695.0,21750.0,AG2601P12100.SHF,-172.5,2077.5,1522.5,23827.5,0.0,0.0,0.0,0.0,0.0,0.0,mtm
2025-12-03,2025-12-03T15:00:00.000000,1023539.7129155735,3452.954441990452,677.9544419904519,3067.5,-292.5,2775.0,957277.9868764589,0.0,0.0,0.0,0.0,AG2601.SHF,677.9544419904519,57886.2232985055,AG2601C12100.SHF,3067.5,24817.5,AG2601P12100.SHF,-292.5,1785.0,2775.0,26602.5,0.0,0.0,0.0,0.0,0.0,0.0,mtm
2025-12-04,2025-12-04T15:00:00.000000,1018856.758473583,-4682.954441990452,-677.9544419904519,-3765.0,-240.0,-4005.0,952595.0324344684,0.0,0.0,0.0,0.0,AG2601.SHF,-677.9544419904519,57208.268856515046,AG2601C12100.SHF,-3765.0,21052.5,AG2601P12100.SHF,-240.0,1545.0,-4005.0,22597.5,0.0,0.0,0.0,0.0,0.0,0.0,mtm
2025-12-05,2025-12-05T15:00:00.000000,1018657.127085907,-199.63138767605074,1112.8686123239493,-502.5,-810.0,-1312.5,952395.4010467924,0.0,0.0,0.0,0.0,AG2601.SHF,1112.8686123239493,58321.137468839,AG2601C12100.SHF,-502.5,20550.0,AG2601P12100.SHF,-810.0,735.0,-1312.5,21285.0,0.0,0.0,0.0,0.0,0.0,0.0,mtm
2025-12-08,2025-12-08T15:00:00.000000,1020231.8211877175,1574.69410181048,59.69410181048004,1650.0,-135.0,1515.0,953970.0951486028,0.0,0.0,0.0,0.0,AG2601.SHF,59.69410181048004,58380.831570649476,AG2601C12100.SHF,1650.0,22200.0,AG2601P12100.SHF,-135.0,600.0,1515.0,22800.0,0.0,0.0,0.0,0.0,0.0,0.0,mtm
2025-12-09,2025-12-09T15:00:00.000000,1021881.7540682892,1649.9328805717425,-405.0671194282574,2055.0,0.0,2055.0,955620.0280291745,0.0,0.0,0.0,0.0,AG2601.SHF,-405.0671194282574,57975.76445122122,AG2601C12100.SHF,2055.0,24255.0,AG2601P12100.SHF,0.0,600.0,2055.0,24855.0,0.0,0.0,0.0,0.0,0.0,0.0,mtm
2025-12-10,2025-12-10T15:00:00.000000,1035352.1380746205,13470.3840063313,3270.3840063312996,10440.0,-240.0,10200.0,969090.4120355059,0.0,0.0,0.0,0.0,AG2601.SHF,3270.3840063312996,61246.148457552525,AG2601C12100.SHF,10440.0,34695.0,AG2601P12100.SHF,-240.0,360.0,10200.0,35055.0,0.0,0.0,0.0,0.0,0.0,0.0,mtm
2025-12-11,2025-12-11T15:00:00.000000,1034895.4270246893,-456.711049931194,473.288950068806,-862.5,-67.5,-930.0,968633.7009855746,0.0,0.0,0.0,0.0,AG2601.SHF,473.288950068806,61719.43740762133,AG2601C12100.SHF,-862.5,33832.5,AG2601P12100.SHF,-67.5,292.5,-930.0,34125.0,0.0,0.0,0.0,0.0,0.0,0.0,mtm
2025-12-12,2025-12-12T15:00:00.000000,1043652.8752992684,8757.448274579092,1752.4482745790926,7072.5,-67.5,7005.0,977391.1492601538,0.0,0.0,0.0,0.0,AG2601.SHF,1752.4482745790926,63471.88568220042,AG2601C12100.SHF,7072.5,40905.0,AG2601P12100.SHF,-67.5,225.0,7005.0,41130.0,0.0,0.0,0.0,0.0,0.0,0.0,mtm
2025-12-15,2025-12-15T15:00:00.000000,1039953.25272218,-3699.622577088395,-422.12257708839456,-3217.5,-60.0,-3277.5,973691.5266830653,0.0,0.0,0.0,0.0,AG2601.SHF,-422.12257708839456,63049.76310511202,AG2601C12100.SHF,-3217.5,37687.5,AG2601P12100.SHF,-60.0,165.0,-3277.5,37852.5,0.0,0.0,0.0,0.0,0.0,0.0,mtm
2025-12-16,2025-12-16T15:00:00.000000,1040826.1587549804,872.9060328004396,-567.0939671995604,1425.0,15.0,1440.0,974564.4327158658,0.0,0.0,0.0,0.0,AG2601.SHF,-567.0939671995604,62482.66913791247,AG2601C12100.SHF,1425.0,39112.5,AG2601P12100.SHF,15.0,180.0,1440.0,39292.5,0.0,0.0,0.0,0.0,0.0,0.0,mtm
2025-12-17,2025-12-17T15:00:00.000000,1053015.5964568544,12189.437701873905,3594.437701873905,8685.0,-90.0,8595.0,986753.8704177397,0.0,0.0,0.0,0.0,AG2601.SHF,3594.437701873905,66077.10683978637,AG2601C12100.SHF,8685.0,47797.5,AG2601P12100.SHF,-90.0,90.0,8595.0,47887.5,0.0,0.0,0.0,0.0,0.0,0.0,mtm
2025-12-18,2025-12-18T15:00:00.000000,1055412.2073721746,2396.610915320274,34.11091532027431,2377.5,-15.0,2362.5,989150.48133306,0.0,0.0,0.0,0.0,AG2601.SHF,34.11091532027431,66111.21775510664,AG2601C12100.SHF,2377.5,50175.0,AG2601P12100.SHF,-15.0,75.0,2362.5,50250.0,0.0,0.0,0.0,0.0,0.0,0.0,mtm
2025-12-19,2025-12-19T15:00:00.000000,1048617.1831675796,-6795.024204595006,-622.5242045950062,-6150.0,-22.5,-6172.5,982355.457128465,0.0,0.0,0.0,0.0,AG2601.SHF,-622.5242045950062,65488.69355051164,AG2601C12100.SHF,-6150.0,44025.0,AG2601P12100.SHF,-22.5,52.5,-6172.5,44077.5,0.0,0.0,0.0,0.0,0.0,0.0,mtm
2025-12-22,2025-12-22T15:00:00.000000,1111644.6590620885,0.0,0.0,0.0,0.0,0.0,1111644.6590620885,69046.37887306015,60285.0,22.5,60307.5,AG2601.SHF,0.0,0.0,AG2601C12100.SHF,0.0,0.0,AG2601P12100.SHF,0.0,0.0,0.0,0.0,64.67693943653008,34.523189436530075,30.142500000000002,0.01125,30.153750000000002,6.905328420151008,close
2025-12-22,2025-12-22T15:00:00.000000,1111564.3080540926,0.0,0.0,0.0,0.0,0.0,950862.2920620993,-133102.0159919932,-13942.5,-13657.5,-27600.0,AG2602.SHF,0.0,133102.0159919932,AG2602C16200.SHF,0.0,13942.5,AG2602P16200.SHF,0.0,13657.5,0.0,27600.0,80.3510079959966,66.5510079959966,6.97125,6.82875,13.8,13.308870712121418,open
2025-12-23,2025-12-23T15:00:00.000000,1114143.3837077024,2579.075653609866,1896.5756536098663,2137.5,-1455.0,682.5,953441.3677157091,0.0,0.0,0.0,0.0,AG2602.SHF,1896.5756536098663,134985.28277489095,AG2602C16200.SHF,2137.5,16080.0,AG2602P16200.SHF,-1455.0,12202.5,682.5,28282.5,0.0,0.0,0.0,0.0,0.0,0.0,mtm
2025-12-24,2025-12-24T15:00:00.000000,1137780.4956705435,23637.111962841227,9589.611962841229,15877.5,-1830.0,14047.5,977078.4796785504,0.0,0.0,0.0,0.0,AG2602.SHF,9589.611962841229,144574.8947377322,AG2602C16200.SHF,15877.5,31957.5,AG2602P16200.SHF,-1830.0,10372.5,14047.5,42330.0,0.0,0.0,0.0,0.0,0.0,0.0,mtm
2025-12-25,2025-12-25T15:00:00.000000,1127939.9154170142,-9840.5802535294,-1740.580253529401,-5902.5,-2197.5,-8100.0,967237.899425021,0.0,0.0,0.0,0.0,AG2602.SHF,-1740.580253529401,142834.3144842028,AG2602C16200.SHF,-5902.5,26055.0,AG2602P16200.SHF,-2197.5,8175.0,-8100.0,34230.0,0.0,0.0,0.0,0.0,0.0,0.0,mtm
2025-12-26,2025-12-26T15:00:00.000000,1148439.797463024,20499.88204600994,7569.882046009942,13695.0,-765.0,12930.0,987737.781471031,0.0,0.0,0.0,0.0,AG2602.SHF,7569.882046009942,150404.19653021274,AG2602C16200.SHF,13695.0,39750.0,AG2602P16200.SHF,-765.0,7410.0,12930.0,47160.0,0.0,0.0,0.0,0.0,0.0,0.0,mtm
2025-12-29,2025-12-29T15:00:00.000000,1169216.3250625413,20776.52759951721,-935.9724004827912,19432.5,2280.0,21712.5,1008514.3090705483,0.0,0.0,0.0,0.0,AG2602.SHF,-935.9724004827912,149468.22412972993,AG2602C16200.SHF,19432.5,59182.5,AG2602P16200.SHF,2280.0,9690.0,21712.5,68872.5,0.0,0.0,0.0,0.0,0.0,0.0,mtm
2025-12-30,2025-12-30T15:00:00.000000,1143325.1565885819,-25891.168473959486,-533.6684739594862,-23242.5,-2115.0,-25357.5,982623.1405965888,0.0,0.0,0.0,0.0,AG2602.SHF,-533.6684739594862,148934.55565577047,AG2602C16200.SHF,-23242.5,35940.0,AG2602P16200.SHF,-2115.0,7575.0,-25357.5,43515.0,0.0,0.0,0.0,0.0,0.0,0.0,mtm
2025-12-31,2025-12-31T15:00:00.000000,1124513.5918578743,-18811.564730707494,-8514.064730707494,-13042.5,2745.0,-10297.5,963811.5758658814,0.0,0.0,0.0,0.0,AG2602.SHF,-8514.064730707494,140420.49092506297,AG2602C16200.SHF,-13042.5,22897.5,AG2602P16200.SHF,2745.0,10320.0,-10297.5,33217.5,0.0,0.0,0.0,0.0,0.0,0.0,mtm
2026-01-05,2026-01-05T15:00:00.000000,1140020.3906943533,15506.798836478854,9499.298836478854,11670.0,-5662.5,6007.5,979318.3747023602,0.0,0.0,0.0,0.0,AG2602.SHF,9499.298836478854,149919.78976154182,AG2602C16200.SHF,11670.0,34567.5,AG2602P16200.SHF,-5662.5,4657.5,6007.5,39225.0,0.0,0.0,0.0,0.0,0.0,0.0,mtm
2026-01-06,2026-01-06T15:00:00.000000,1165290.6008994225,25270.210205069307,9827.710205069308,17182.5,-1740.0,15442.5,1004588.5849074295,0.0,0.0,0.0,0.0,AG2602.SHF,9827.710205069308,159747.49996661113,AG2602C16200.SHF,17182.5,51750.0,AG2602P16200.SHF,-1740.0,2917.5,15442.5,54667.5,0.0,0.0,0.0,0.0,0.0,0.0,mtm
2026-01-07,2026-01-07T15:00:00.000000,1158022.3525829131,-7268.248316509425,-1395.7483165094254,-6000.0,127.5,-5872.5,997320.3365909201,0.0,0.0,0.0,0.0,AG2602.SHF,-1395.7483165094254,158351.7516501017,AG2602C16200.SHF,-6000.0,45750.0,AG2602P16200.SHF,127.5,3045.0,-5872.5,48795.0,0.0,0.0,0.0,0.0,0.0,0.0,mtm
2026-01-08,2026-01-08T15:00:00.000000,1142801.026968876,-15221.32561403714,-6806.3256140371395,-8610.0,195.0,-8415.0,982099.010976883,0.0,0.0,0.0,0.0,AG2602.SHF,-6806.3256140371395,151545.42603606454,AG2602C16200.SHF,-8610.0,37140.0,AG2602P16200.SHF,195.0,3240.0,-8415.0,40380.0,0.0,0.0,0.0,0.0,0.0,0.0,mtm
2026-01-09,2026-01-09T15:00:00.000000,1147340.9019490895,4539.874980213636,2454.8749802136363,2610.0,-525.0,2085.0,986638.8859570966,0.0,0.0,0.0,0.0,AG2602.SHF,2454.8749802136363,154000.3010162782,AG2602C16200.SHF,2610.0,39750.0,AG2602P16200.SHF,-525.0,2715.0,2085.0,42465.0,0.0,0.0,0.0,0.0,0.0,0.0,mtm
2026-01-12,2026-01-12T15:00:00.000000,1195741.0272215644,48400.12527247492,18062.625272474917,31800.0,-1462.5,30337.5,1035039.0112295715,0.0,0.0,0.0,0.0,AG2602.SHF,18062.625272474917,172062.9262887531,AG2602C16200.SHF,31800.0,71550.0,AG2602P16200.SHF,-1462.5,1252.5,30337.5,72802.5,0.0,0.0,0.0,0.0,0.0,0.0,mtm
2026-01-13,2026-01-13T15:00:00.000000,1202032.877969242,6291.850747677577,599.3507476775768,5797.5,-105.0,5692.5,1041330.8619772492,0.0,0.0,0.0,0.0,AG2602.SHF,599.3507476775768,172662.27703643066,AG2602C16200.SHF,5797.5,77347.5,AG2602P16200.SHF,-105.0,1147.5,5692.5,78495.0,0.0,0.0,0.0,0.0,0.0,0.0,mtm
2026-01-14,2026-01-14T15:00:00.000000,1239845.0810293695,37812.20306012755,14532.203060127546,23602.5,-322.5,23280.0,1079143.0650373767,0.0,0.0,0.0,0.0,AG2602.SHF,14532.203060127546,187194.48009655823,AG2602C16200.SHF,23602.5,100950.0,AG2602P16200.SHF,-322.5,825.0,23280.0,101775.0,0.0,0.0,0.0,0.0,0.0,0.0,mtm
2026-01-15,2026-01-15T15:00:00.000000,1227475.7863026853,-12369.294726684235,-714.2947266842353,-11370.0,-285.0,-11655.0,1066773.7703106925,0.0,0.0,0.0,0.0,AG2602.SHF,-714.2947266842353,186480.185369874,AG2602C16200.SHF,-11370.0,89580.0,AG2602P16200.SHF,-285.0,540.0,-11655.0,90120.0,0.0,0.0,0.0,0.0,0.0,0.0,mtm
2026-01-16,2026-01-16T15:00:00.000000,1230386.061396753,2910.2750940677106,-1297.2249059322894,4470.0,-262.5,4207.5,1069684.0454047602,0.0,0.0,0.0,0.0,AG2602.SHF,-1297.2249059322894,185182.9604639417,AG2602C16200.SHF,4470.0,94050.0,AG2602P16200.SHF,-262.5,277.5,4207.5,94327.5,0.0,0.0,0.0,0.0,0.0,0.0,mtm
2026-01-19,2026-01-19T15:00:00.000000,1231855.1060838643,1469.0446871115082,5624.044687111508,-4050.0,-105.0,-4155.0,1071153.0900918716,0.0,0.0,0.0,0.0,AG2602.SHF,5624.044687111508,190807.0051510532,AG2602C16200.SHF,-4050.0,90000.0,AG2602P16200.SHF,-105.0,172.5,-4155.0,90172.5,0.0,0.0,0.0,0.0,0.0,0.0,mtm
2026-01-20,2026-01-20T15:00:00.000000,1242286.6897043749,10431.58362051055,-1050.9163794894498,11550.0,-67.5,11482.5,1081584.673712382,0.0,0.0,0.0,0.0,AG2602.SHF,-1050.9163794894498,189756.08877156375,AG2602C16200.SHF,11550.0,101550.0,AG2602P16200.SHF,-67.5,105.0,11482.5,101655.0,0.0,0.0,0.0,0.0,0.0,0.0,mtm
2026-01-21,2026-01-21T15:00:00.000000,1377661.9176934103,0.0,0.0,0.0,0.0,0.0,1377661.9176934103,190295.35665935773,105840.0,90.0,105930.0,AG2602.SHF,0.0,0.0,AG2602C16200.SHF,0.0,0.0,AG2602P16200.SHF,0.0,0.0,0.0,0.0,148.11267832967886,95.14767832967887,52.92,0.045,52.965,19.03143880981102,close
2026-01-21,2026-01-21T15:00:00.000000,1377588.5653692812,0.0,0.0,0.0,0.0,0.0,1230883.9171111966,-97759.64825808475,-24577.5,-24367.5,-48945.0,AG2603.SHF,0.0,97759.64825808475,AG2603C23200.SHF,0.0,24577.5,AG2603P23200.SHF,0.0,24367.5,0.0,48945.0,73.35232412904237,48.879824129042376,12.28875,12.18375,24.4725,9.776942520058366,open
2026-01-22,2026-01-22T15:00:00.000000,1375602.7250345265,-1985.840334754611,-755.8403347546108,495.0,-1725.0,-1230.0,1228898.076776442,0.0,0.0,0.0,0.0,AG2603.SHF,-755.8403347546108,-98525.2655353594,AG2603C23200.SHF,495.0,25072.5,AG2603P23200.SHF,-1725.0,22642.5,-1230.0,47715.0,0.0,0.0,0.0,0.0,0.0,0.0,mtm
2026-01-23,2026-01-23T15:00:00.000000,1375628.3783027919,25.653268265326915,-6874.346731734673,15577.5,-8677.5,6900.0,1228923.7300447072,0.0,0.0,0.0,0.0,AG2603.SHF,-6874.346731734673,-105399.61226709408,AG2603C23200.SHF,15577.5,40650.0,AG2603P23200.SHF,-8677.5,13965.0,6900.0,54615.0,0.0,0.0,0.0,0.0,0.0,0.0,mtm
2026-01-26,2026-01-26T15:00:00.000000,1392525.6405380266,16897.262235234826,-9585.237764765176,31350.0,-4867.5,26482.5,1245820.992279942,0.0,0.0,0.0,0.0,AG2603.SHF,-9585.237764765176,-114984.85003185926,AG2603C23200.SHF,31350.0,72000.0,AG2603P23200.SHF,-4867.5,9097.5,26482.5,81097.5,0.0,0.0,0.0,0.0,0.0,0.0,mtm
2026-01-27,2026-01-27T15:00:00.000000,1393568.919619206,1043.2790811796285,-5354.2209188203715,9877.5,-3480.0,6397.5,1246864.2713611214,0.0,0.0,0.0,0.0,AG2603.SHF,-5354.2209188203715,-120339.07095067963,AG2603C23200.SHF,9877.5,81877.5,AG2603P23200.SHF,-3480.0,5617.5,6397.5,87495.0,0.0,0.0,0.0,0.0,0.0,0.0,mtm
2026-01-28,2026-01-28T15:00:00.000000,1403954.5746466878,10385.655027481842,-6181.844972518158,17587.5,-1020.0,16567.5,1257249.9263886032,0.0,0.0,0.0,0.0,AG2603.SHF,-6181.844972518158,-126520.91592319778,AG2603C23200.SHF,17587.5,99465.0,AG2603P23200.SHF,-1020.0,4597.5,16567.5,104062.5,0.0,0.0,0.0,0.0,0.0,0.0,mtm
2026-01-29,2026-01-29T15:00:00.000000,1435285.8480771077,31331.27343041991,-8778.726569580089,41535.0,-1425.0,40110.0,1288581.199819023,0.0,0.0,0.0,0.0,AG2603.SHF,-8778.726569580089,-135299.64249277787,AG2603C23200.SHF,41535.0,141000.0,AG2603P23200.SHF,-1425.0,3172.5,40110.0,144172.5,0.0,0.0,0.0,0.0,0.0,0.0,mtm
2026-01-30,2026-01-30T15:00:00.000000,1411238.6942752907,-24047.153801816978,16265.346198183022,-44002.5,3690.0,-40312.5,1264534.046017206,0.0,0.0,0.0,0.0,AG2603.SHF,16265.346198183022,-119034.29629459485,AG2603C23200.SHF,-44002.5,96997.5,AG2603P23200.SHF,3690.0,6862.5,-40312.5,103860.0,0.0,0.0,0.0,0.0,0.0,0.0,mtm
2026-02-02,2026-02-02T15:00:00.000000,1449880.4607210718,38641.76644578107,11274.266445781066,-46282.5,73650.0,27367.5,1303175.8124629871,0.0,0.0,0.0,0.0,AG2603.SHF,11274.266445781066,-107760.02984881379,AG2603C23200.SHF,-46282.5,50715.0,AG2603P23200.SHF,73650.0,80512.5,27367.5,131227.5,0.0,0.0,0.0,0.0,0.0,0.0,mtm
2026-02-03,2026-02-03T15:00:00.000000,1388294.5560396465,-61585.904681425236,15919.095318574764,-34605.0,-42900.0,-77505.0,1241589.9077815618,0.0,0.0,0.0,0.0,AG2603.SHF,15919.095318574764,-91840.93453023903,AG2603C23200.SHF,-34605.0,16110.0,AG2603P23200.SHF,-42900.0,37612.5,-77505.0,53722.5,0.0,0.0,0.0,0.0,0.0,0.0,mtm
2026-02-04,2026-02-04T15:00:00.000000,1371373.9846038825,-16920.5714357639,-8918.0714357639,10177.5,-18180.0,-8002.5,1224669.3363457979,0.0,0.0,0.0,0.0,AG2603.SHF,-8918.0714357639,-100759.00596600292,AG2603C23200.SHF,10177.5,26287.5,AG2603P23200.SHF,-18180.0,19432.5,-8002.5,45720.0,0.0,0.0,0.0,0.0,0.0,0.0,mtm
2026-02-05,2026-02-05T15:00:00.000000,1395249.4128472356,23875.42824335314,12557.928243353143,-16087.5,27405.0,11317.5,1248544.764589151,0.0,0.0,0.0,0.0,AG2603.SHF,12557.928243353143,-88201.07772264977,AG2603C23200.SHF,-16087.5,10200.0,AG2603P23200.SHF,27405.0,46837.5,11317.5,57037.5,0.0,0.0,0.0,0.0,0.0,0.0,mtm
2026-02-06,2026-02-06T15:00:00.000000,1407842.751529108,12593.338681872443,6105.838681872442,-3855.0,10342.5,6487.5,1261138.1032710234,0.0,0.0,0.0,0.0,AG2603.SHF,6105.838681872442,-82095.23904077735,AG2603C23200.SHF,-3855.0,6345.0,AG2603P23200.SHF,10342.5,57180.0,6487.5,63525.0,0.0,0.0,0.0,0.0,0.0,0.0,mtm
2026-02-09,2026-02-09T15:00:00.000000,1395124.028477961,-12718.723051147059,-7393.723051147059,1282.5,-6607.5,-5325.0,1248419.3802198763,0.0,0.0,0.0,0.0,AG2603.SHF,-7393.723051147059,-89488.96209192439,AG2603C23200.SHF,1282.5,7627.5,AG2603P23200.SHF,-6607.5,50572.5,-5325.0,58200.0,0.0,0.0,0.0,0.0,0.0,0.0,mtm
2026-02-10,2026-02-10T15:00:00.000000,1373676.7329239468,-21447.29555401426,2470.2044459857393,-6195.0,-17722.5,-23917.5,1226972.0846658621,0.0,0.0,0.0,0.0,AG2603.SHF,2470.2044459857393,-87018.75764593866,AG2603C23200.SHF,-6195.0,1432.5,AG2603P23200.SHF,-17722.5,32850.0,-23917.5,34282.5,0.0,0.0,0.0,0.0,0.0,0.0,mtm
2026-02-11,2026-02-11T15:00:00.000000,1373986.5127513467,309.7798273999733,-2660.2201726000267,67.5,2902.5,2970.0,1227281.864493262,0.0,0.0,0.0,0.0,AG2603.SHF,-2660.2201726000267,-89678.97781853868,AG2603C23200.SHF,67.5,1500.0,AG2603P23200.SHF,2902.5,35752.5,2970.0,37252.5,0.0,0.0,0.0,0.0,0.0,0.0,mtm
2026-02-12,2026-02-12T15:00:00.000000,1365705.7091474703,-8280.803603876491,1701.6963961235092,-1230.0,-8752.5,-9982.5,1219001.0608893856,0.0,0.0,0.0,0.0,AG2603.SHF,1701.6963961235092,-87977.28142241518,AG2603C23200.SHF,-1230.0,270.0,AG2603P23200.SHF,-8752.5,27000.0,-9982.5,27270.0,0.0,0.0,0.0,0.0,0.0,0.0,mtm
2026-02-13,2026-02-13T15:00:00.000000,1396233.1550370958,30527.445889625425,2702.445889625424,-255.0,28080.0,27825.0,1249528.506779011,0.0,0.0,0.0,0.0,AG2603.SHF,2702.445889625424,-85274.83553278974,AG2603C23200.SHF,-255.0,15.0,AG2603P23200.SHF,28080.0,55080.0,27825.0,55095.0,0.0,0.0,0.0,0.0,0.0,0.0,mtm
2026-02-24,2026-02-24T15:00:00.000000,1425774.363801842,29541.208764746247,-10231.291235253755,41430.0,-1657.5,39772.5,1279069.7155437574,0.0,0.0,0.0,0.0,AG2603.SHF,-10231.291235253755,-95506.12676804351,AG2605C22600.SHF,41430.0,41445.0,AG2605P22600.SHF,-1657.5,53422.5,39772.5,94867.5,0.0,0.0,0.0,0.0,0.0,0.0,mtm
2026-02-25,2026-02-25T15:00:00.000000,1428536.827070964,2762.4632691218803,-2457.5367308781197,8235.0,-3015.0,5220.0,1281832.1788128794,0.0,0.0,0.0,0.0,AG2603.SHF,-2457.5367308781197,-97963.66349892163,AG2605C22600.SHF,8235.0,49680.0,AG2605P22600.SHF,-3015.0,50407.5,5220.0,100087.5,0.0,0.0,0.0,0.0,0.0,0.0,mtm
2026-02-26,2026-02-26T15:00:00.000000,1418437.929480512,-10098.897590452045,1908.6024095479559,-2145.0,-9862.5,-12007.5,1271733.2812224273,0.0,0.0,0.0,0.0,AG2603.SHF,1908.6024095479559,-96055.06108937366,AG2605C22600.SHF,-2145.0,47535.0,AG2605P22600.SHF,-9862.5,40545.0,-12007.5,88080.0,0.0,0.0,0.0,0.0,0.0,0.0,mtm
2026-02-27,2026-02-27T15:00:00.000000,1402037.375636913,-16400.55384359875,-1993.0538435987505,-12540.0,-1867.5,-14407.5,1255332.7273788285,0.0,0.0,0.0,0.0,AG2603.SHF,-1993.0538435987505,-98048.11493297241,AG2605C22600.SHF,-12540.0,34995.0,AG2605P22600.SHF,-1867.5,38677.5,-14407.5,73672.5,0.0,0.0,0.0,0.0,0.0,0.0,mtm
2026-03-02,2026-03-02T15:00:00.000000,1401132.6952341797,-904.6804027333965,-6207.1804027333965,10027.5,-4725.0,5302.5,1254428.046976095,0.0,0.0,0.0,0.0,AG2603.SHF,-6207.1804027333965,-104255.29533570583,AG2605C22600.SHF,10027.5,45022.5,AG2605P22600.SHF,-4725.0,33952.5,5302.5,78975.0,0.0,0.0,0.0,0.0,0.0,0.0,mtm
2026-03-03,2026-03-03T15:00:00.000000,1424176.399146614,23043.703912434088,11861.203912434088,-1597.5,12780.0,11182.5,1277471.7508885292,0.0,0.0,0.0,0.0,AG2603.SHF,11861.203912434088,-92394.09142327172,AG2605C22600.SHF,-1597.5,43425.0,AG2605P22600.SHF,12780.0,46732.5,11182.5,90157.5,0.0,0.0,0.0,0.0,0.0,0.0,mtm
2026-03-04,2026-03-04T15:00:00.000000,1413005.649653112,-11170.749493501915,-1000.7494935019149,-10725.0,555.0,-10170.0,1266301.0013950274,0.0,0.0,0.0,0.0,AG2603.SHF,-1000.7494935019149,-93394.84091677364,AG2605C22600.SHF,-10725.0,32700.0,AG2605P22600.SHF,555.0,47287.5,-10170.0,79987.5,0.0,0.0,0.0,0.0,0.0,0.0,mtm
2026-03-05,2026-03-05T15:00:00.000000,1414205.193687632,1199.5440345200054,532.0440345200054,-3457.5,4125.0,667.5,1267500.5454295473,0.0,0.0,0.0,0.0,AG2603.SHF,532.0440345200054,-92862.79688225363,AG2605C22600.SHF,-3457.5,29242.5,AG2605P22600.SHF,4125.0,51412.5,667.5,80655.0,0.0,0.0,0.0,0.0,0.0,0.0,mtm
2026-03-06,2026-03-06T15:00:00.000000,1411468.0273586307,-2737.1663290012766,-667.1663290012766,-2527.5,457.5,-2070.0,1264763.379100546,0.0,0.0,0.0,0.0,AG2603.SHF,-667.1663290012766,-93529.96321125492,AG2605C22600.SHF,-2527.5,26715.0,AG2605P22600.SHF,457.5,51870.0,-2070.0,78585.0,0.0,0.0,0.0,0.0,0.0,0.0,mtm
2026-03-06,2026-03-06T15:00:00.000000,1436801.6331500183,0.0,0.0,0.0,0.0,0.0,1436801.6331500183,93539.31620757603,26715.0,51870.0,78585.0,AG2603.SHF,0.0,0.0,AG2605C22600.SHF,0.0,0.0,AG2605P22600.SHF,0.0,0.0,0.0,0.0,86.06215810378802,46.76965810378802,13.3575,25.935000000000002,39.292500000000004,9.352996321126104,close
