trade_date,bar_ts,future_ts_code,future_close,future_per_unit,call_ts_code,call_close,put_ts_code,put_close,option_per_unit,rate,ttm,iv_call_used,iv_put_used,delta_call,delta_put,combo_delta,target_future_position
2025-01-06,2025-01-06T15:00:00.000000,AG2502.SHF,7611.0,15.0,AG2502C7600.SHF,141.5,AG2502P7600.SHF,119.0,15.0,0.00016394263959390866,0.0410958904109589,0.2,0.2,0.6389276219440856,-0.3610723780558941,0.2778552438881915,-0.2778552438881915
2025-01-07,2025-01-07T15:00:00.000000,AG2502.SHF,7733.0,15.0,AG2502C7600.SHF,209.0,AG2502P7600.SHF,77.5,15.0,0.0001616,0.038356164383561646,0.22097764238715167,0.20230160176753997,0.7191942539018303,-0.2814198268248788,0.4377744270769515,-0.4377744270769515
2025-01-08,2025-01-08T15:00:00.000000,AG2502.SHF,7740.0,15.0,AG2502C7600.SHF,216.5,AG2502P7600.SHF,77.0,15.0,0.000164,0.03561643835616438,0.2201222333312034,0.2228468981385231,0.7188999211187972,-0.2810137099772475,0.4378862111415497,-0.4378862111415497
2025-01-09,2025-01-09T15:00:00.000000,AG2502.SHF,7757.0,15.0,AG2502C7600.SHF,223.5,AG2502P7600.SHF,69.0,15.0,0.00016662857142857142,0.03287671232876712,0.23395950600504875,0.23495401874184607,0.6392662155438888,-0.3607001331669402,0.27856608237694863,-0.27856608237694863
2025-01-10,2025-01-10T15:00:00.000000,AG2502.SHF,7804.0,15.0,AG2502C7600.SHF,255.5,AG2502P7600.SHF,52.5,15.0,0.00017485714285714286,0.030136986301369864,0.23447568118572232,0.23981120139360423,0.7187545603880079,-0.2810897597466732,0.4376648006413347,-0.4376648006413347
2025-01-13,2025-01-13T15:00:00.000000,AG2502.SHF,7769.0,15.0,AG2502C7600.SHF,221.5,AG2502P7600.SHF,50.5,15.0,0.00019537142857142857,0.021917808219178082,0.2409787115454673,0.2432522308826446,0.7882304418099007,-0.21172102262235992,0.5765094191875407,-0.5765094191875407
2025-01-14,2025-01-14T15:00:00.000000,AG2502.SHF,7595.0,15.0,AG2502C7600.SHF,95.5,AG2502P7600.SHF,99.5,15.0,0.0002162,0.019178082191780823,0.259884061217308,0.254829832315445,0.6380527576988895,-0.3620779595348325,0.27597479816405696,-0.27597479816405696
2025-01-15,2025-01-15T15:00:00.000000,AG2502.SHF,7674.0,15.0,AG2502C7600.SHF,130.5,AG2502P7600.SHF,58.5,15.0,0.00020695000000000002,0.01643835616438356,0.23364936202764508,0.2313345059752464,0.4942990022065585,-0.5057595820088101,-0.011460579802251625,0.011460579802251625
2025-01-16,2025-01-16T15:00:00.000000,AG2503.SHF,7858.0,15.0,AG2503C7900.SHF,196.0,AG2503P7900.SHF,242.0,15.0,0.00016800123287671233,0.10684931506849316,0.2,0.2,0.38131363313309974,-0.6186863668668985,-0.23737273373379875,0.23737273373379875
2025-01-17,2025-01-17T15:00:00.000000,AG2503.SHF,7821.0,15.0,AG2503C7900.SHF,200.5,AG2503P7900.SHF,250.0,15.0,0.00016866287671232874,0.10410958904109589,0.2100164146721363,0.21406254962086677,0.46913715963647784,-0.5306043466231941,-0.06146718698671627,0.06146718698671627
2025-01-20,2025-01-20T15:00:00.000000,AG2503.SHF,7758.0,15.0,AG2503C7900.SHF,144.5,AG2503P7900.SHF,310.0,15.0,0.00016920856164383562,0.0958904109589041,0.23445391565561297,0.20532680287957186,0.47008806309619156,-0.5316986304923891,-0.061610567396197524,0.061610567396197524
2025-01-21,2025-01-21T15:00:00.000000,AG2503.SHF,7773.0,15.0,AG2503C7900.SHF,147.0,AG2503P7900.SHF,273.5,15.0,0.00017014993150684933,0.09315068493150686,0.2146497741341591,0.24042899847030635,0.3813272947190883,-0.6171777923456033,-0.235850497626515,0.235850497626515
2025-01-22,2025-01-22T15:00:00.000000,AG2503.SHF,7800.0,15.0,AG2503C7900.SHF,162.0,AG2503P7900.SHF,263.0,15.0,0.00017016178082191784,0.09041095890410959,0.21422115035355088,0.21380670085549353,0.38111596518699864,-0.6189076742726669,-0.23779170908566827,0.23779170908566827
2025-01-23,2025-01-23T15:00:00.000000,AG2503.SHF,7713.0,15.0,AG2503C7900.SHF,119.0,AG2503P7900.SHF,298.0,15.0,0.00017037397260273972,0.08767123287671233,0.2210944171249866,0.22228981621563432,0.4686661260935067,-0.5312637594737488,-0.0625976333802421,0.0625976333802421
2025-01-24,2025-01-24T15:00:00.000000,AG2503.SHF,7769.0,15.0,AG2503C7900.SHF,127.5,AG2503P7900.SHF,265.5,15.0,0.0001704923287671233,0.08493150684931507,0.2149564635008574,0.20593815036118024,0.29910909524833984,-0.7013447750386532,-0.4022356797903134,0.4022356797903134
2025-01-27,2025-01-27T15:00:00.000000,AG2503.SHF,7677.0,15.0,AG2503C7900.SHF,102.0,AG2503P7900.SHF,326.5,15.0,0.00017526649746192892,0.07671232876712329,0.2035318286716938,0.211772231683135,0.37958006141952816,-0.6199877467819187,-0.24040768536239054,0.24040768536239054
2025-02-05,2025-02-05T15:00:00.000000,AG2503.SHF,8091.0,15.0,AG2503C7900.SHF,285.0,AG2503P7900.SHF,86.5,15.0,0.00018915939086294417,0.052054794520547946,0.22520697548985477,0.22738352850079538,0.6409707358131823,-0.35893686971024785,0.28203386610293446,-0.28203386610293446
2025-02-06,2025-02-06T15:00:00.000000,AG2503.SHF,8028.0,15.0,AG2503C7900.SHF,230.0,AG2503P7900.SHF,103.0,15.0,0.00018184263959390864,0.049315068493150684,0.2382453138381243,0.2267845909297466,0.7208283940362596,-0.27959783992874954,0.4412305541075101,-0.4412305541075101
2025-02-07,2025-02-07T15:00:00.000000,AG2503.SHF,8043.0,15.0,AG2503C7900.SHF,238.0,AG2503P7900.SHF,92.5,15.0,0.0001776918781725888,0.04657534246575343,0.22297245025634763,0.22457366973161696,0.6403517704352837,-0.3595838768342721,0.28076789360101156,-0.28076789360101156
2025-02-10,2025-02-10T15:00:00.000000,AG2503.SHF,8048.0,15.0,AG2503C7900.SHF,236.5,AG2503P7900.SHF,87.5,15.0,0.00018020000000000002,0.038356164383561646,0.226968352496624,0.22322589710354804,0.6396571378309251,-0.36047945740432163,0.2791776804266035,-0.2791776804266035
2025-02-11,2025-02-11T15:00:00.000000,AG2503.SHF,7962.0,15.0,AG2503C7900.SHF,181.0,AG2503P7900.SHF,98.0,15.0,0.0001951142857142857,0.03561643835616438,0.24215556249022482,0.2405546988546848,0.7196065525195072,-0.28044413682226305,0.4391624156972442,-0.4391624156972442
2025-02-12,2025-02-12T15:00:00.000000,AG2503.SHF,7953.0,15.0,AG2503C7900.SHF,160.0,AG2503P7900.SHF,109.5,15.0,0.0001862142857142857,0.03287671232876712,0.24733217060565943,0.2121358850598335,0.5534237513939851,-0.44783301590918057,0.10559073548480458,-0.10559073548480458
2025-02-13,2025-02-13T15:00:00.000000,AG2503.SHF,8019.0,15.0,AG2503C7900.SHF,195.0,AG2503P7900.SHF,80.0,15.0,0.00017927142857142856,0.030136986301369864,0.22940973922610278,0.23386933028697965,0.5524276834323874,-0.4474197768338401,0.10500790659854725,-0.10500790659854725
2025-02-14,2025-02-14T15:00:00.000000,AG2503.SHF,8246.0,15.0,AG2503C7900.SHF,382.0,AG2503P7900.SHF,38.0,15.0,0.0001926142857142857,0.0273972602739726,0.22931446313858028,0.2370505967736244,0.6384312690601954,-0.3613298516849624,0.27710141737523303,-0.27710141737523303
2025-02-17,2025-02-17T15:00:00.000000,AG2503.SHF,8006.0,15.0,AG2503C7900.SHF,163.5,AG2503P7900.SHF,62.5,15.0,0.0001999,0.019178082191780823,0.28064286142587663,0.2869876617193221,0.8943575675213299,-0.10556248555981136,0.7887950819615185,-0.7887950819615185
2025-02-18,2025-02-18T15:00:00.000000,AG2503.SHF,8064.0,15.0,AG2503C7900.SHF,193.5,AG2503P7900.SHF,36.5,15.0,0.00021630000000000003,0.01643835616438356,0.23179383575916285,0.24386964246630663,0.7033663422154598,-0.32405100985167457,0.37931533236378523,-0.37931533236378523
2025-02-19,2025-02-19T15:00:00.000000,AG2504.SHF,8132.0,15.0,AG2504C8100.SHF,257.5,AG2504P8100.SHF,229.0,15.0,0.00017700117808219177,0.09315068493150686,0.2,0.2,0.4678005876302098,-0.5321994123698007,-0.06439882473959091,0.06439882473959091
2025-02-20,2025-02-20T15:00:00.000000,AG2504.SHF,8147.0,15.0,AG2504C8100.SHF,270.0,AG2504P8100.SHF,223.0,15.0,0.00017780934246575345,0.09041095890410959,0.24369262702763073,0.2473837673664093,0.55908823142289,-0.4406934360429581,0.11839479537993192,-0.11839479537993192
2025-02-21,2025-02-21T15:00:00.000000,AG2504.SHF,8102.0,15.0,AG2504C8100.SHF,239.0,AG2504P8100.SHF,230.5,15.0,0.00017871093150684933,0.08767123287671233,0.2515936182439328,0.25172775499522687,0.5593261940365637,-0.44066599124244454,0.11866020279411915,-0.11866020279411915
2025-02-24,2025-02-24T15:00:00.000000,AG2504.SHF,8087.0,15.0,AG2504C8100.SHF,209.0,AG2504P8100.SHF,224.5,15.0,0.00018313350253807104,0.07945205479452055,0.2493908665329218,0.24270554244518278,0.49210311995130424,-0.5082698156455223,-0.01616669569421808,0.01616669569421808
2025-02-25,2025-02-25T15:00:00.000000,AG2504.SHF,8017.0,15.0,AG2504C8100.SHF,150.0,AG2504P8100.SHF,231.5,15.0,0.00018480862944162437,0.07671232876712329,0.23686811029911042,0.23975514180958263,0.4686893895656428,-0.5311521424530639,-0.062462752887421036,0.062462752887421036
2025-02-26,2025-02-26T15:00:00.000000,AG2504.SHF,7904.0,15.0,AG2504C8100.SHF,95.5,AG2504P8100.SHF,290.5,15.0,0.0001903989847715736,0.07397260273972603,0.2115594543516636,0.2099983261525631,0.3798053398932997,-0.6202750250415057,-0.240469685148206,0.240469685148206
2025-02-27,2025-02-27T15:00:00.000000,AG2504.SHF,7900.0,15.0,AG2504C8100.SHF,91.0,AG2504P8100.SHF,294.5,15.0,0.0001984746192893401,0.07123287671232877,0.20377645365893843,0.20270005330443383,0.37920934430865244,-0.620844949188973,-0.2416356048803206,0.2416356048803206
2025-02-28,2025-02-28T15:00:00.000000,AG2504.SHF,7853.0,15.0,AG2504C8100.SHF,69.5,AG2504P8100.SHF,316.0,15.0,0.00020016294416243656,0.0684931506849315,0.2033856971561909,0.20833338171243665,0.3789873967635942,-0.6207678631751984,-0.24178046641160417,0.24178046641160417
2025-03-03,2025-03-03T15:00:00.000000,AG2504.SHF,7890.0,15.0,AG2504C8100.SHF,73.5,AG2504P8100.SHF,286.0,15.0,0.0001892228426395939,0.06027397260273973,0.1969009628891945,0.19635643914341924,0.22427739372246216,-0.7757424688088604,-0.5514650750863983,0.5514650750863983
2025-03-04,2025-03-04T15:00:00.000000,AG2504.SHF,7938.0,15.0,AG2504C8100.SHF,83.0,AG2504P8100.SHF,249.0,15.0,0.00018529949238578678,0.057534246575342465,0.19948877766728398,0.20334860086441042,0.37794839691867615,-0.6218767115573139,-0.2439283146386378,0.2439283146386378
2025-03-05,2025-03-05T15:00:00.000000,AG2504.SHF,7987.0,15.0,AG2504C8100.SHF,103.0,AG2504P8100.SHF,214.5,15.0,0.00018540659898477155,0.0547945205479452,0.1961563682556152,0.2017736542224884,0.37757932756618295,-0.622172408740296,-0.24459308117411305,0.24459308117411305
2025-03-06,2025-03-06T15:00:00.000000,AG2504.SHF,8058.0,15.0,AG2504C8100.SHF,132.0,AG2504P8100.SHF,179.0,15.0,0.00018481065989847716,0.052054794520547946,0.20309207007288935,0.2011011764407158,0.4293617633333162,-0.575153463957954,-0.14579170062463775,0.14579170062463775
2025-03-07,2025-03-07T15:00:00.000000,AG2504.SHF,8048.0,15.0,AG2504C8100.SHF,122.5,AG2504P8100.SHF,179.5,15.0,0.00018698629441624365,0.049315068493150684,0.2061381915956735,0.21306711763143538,0.4020408350774499,-0.582659757592934,-0.18061892251548406,0.18061892251548406
2025-03-10,2025-03-10T15:00:00.000000,AG2504.SHF,8056.0,15.0,AG2504C8100.SHF,116.5,AG2504P8100.SHF,163.0,15.0,0.00018994365482233503,0.0410958904109589,0.2049852560460567,0.2121037705242634,0.376735629635102,-0.6201628037250038,-0.24342717408990178,0.24342717408990178
2025-03-11,2025-03-11T15:00:00.000000,AG2504.SHF,7994.0,15.0,AG2504C8100.SHF,77.5,AG2504P8100.SHF,187.0,15.0,0.00018999999999999998,0.038356164383561646,0.20963356077671047,0.21357018604874609,0.46377956466827414,-0.5360681067429197,-0.07228854207464558,0.07228854207464558
2025-03-12,2025-03-12T15:00:00.000000,AG2504.SHF,8071.0,15.0,AG2504C8100.SHF,111.0,AG2504P8100.SHF,146.5,15.0,0.0001858857142857143,0.03561643835616438,0.1955382449924946,0.20150876119732855,0.454954671010197,-0.5368248918840802,-0.08187022087388324,0.08187022087388324
2025-03-13,2025-03-13T15:00:00.000000,AG2504.SHF,8131.0,15.0,AG2504C8100.SHF,128.5,AG2504P8100.SHF,99.0,15.0,0.00018282857142857143,0.03287671232876712,0.20465192317962644,0.21545328989624976,0.551898891742643,-0.4477157932964082,0.10418309844623475,-0.10418309844623475
2025-03-14,2025-03-14T15:00:00.000000,AG2504.SHF,8358.0,15.0,AG2504C8100.SHF,304.0,AG2504P8100.SHF,46.5,15.0,0.00018077142857142857,0.030136986301369864,0.19070259064435963,0.1933494451642036,0.5511059464811064,-0.4488037626180492,0.10230218386305723,-0.10230218386305723
2025-03-17,2025-03-17T15:00:00.000000,AG2504.SHF,8334.0,15.0,AG2504C8100.SHF,279.0,AG2504P8100.SHF,41.5,15.0,0.00018377142857142856,0.021917808219178082,0.24237650930881494,0.24367040187120437,0.8471574943353194,-0.152819987946741,0.6943375063885784,-0.6943375063885784
2025-03-18,2025-03-18T15:00:00.000000,AG2504.SHF,8350.0,15.0,AG2504C8100.SHF,281.0,AG2504P8100.SHF,32.0,15.0,0.00019030000000000002,0.019178082191780823,0.26731423199176796,0.25763260394334797,0.7181202837575549,-0.25203331009597635,0.46608697366157853,-0.46608697366157853
2025-03-19,2025-03-19T15:00:00.000000,AG2504.SHF,8356.0,15.0,AG2504C8100.SHF,282.0,AG2504P8100.SHF,22.0,15.0,0.00018405,0.01643835616438356,0.25410611361265184,0.25717635810375206,0.8745196355588027,-0.1357848618399841,0.7387347737188187,-0.7387347737188187
2025-03-20,2025-03-20T15:00:00.000000,AG2505.SHF,8347.0,15.0,AG2505C8300.SHF,251.0,AG2505P8300.SHF,198.5,15.0,0.0001971678082191781,0.0958904109589041,0.2,0.2,0.5568767587292273,-0.4431232412707949,0.11375351745843237,-0.11375351745843237
2025-03-21,2025-03-21T15:00:00.000000,AG2505.SHF,8198.0,15.0,AG2505C8300.SHF,161.0,AG2505P8300.SHF,254.0,15.0,0.00019708232876712332,0.09315068493150686,0.21986503534018992,0.21464937381446358,0.46901130117793255,-0.531303589956764,-0.06229228877883142,0.06229228877883142
2025-03-24,2025-03-24T15:00:00.000000,AG2505.SHF,8240.0,15.0,AG2505C8300.SHF,164.5,AG2505P8300.SHF,221.5,15.0,0.00019659520547945207,0.08493150684931507,0.2071777921915054,0.19833733960986136,0.3803594365637279,-0.6201278519756489,-0.239768415411921,0.239768415411921
2025-03-25,2025-03-25T15:00:00.000000,AG2505.SHF,8240.0,15.0,AG2505C8300.SHF,149.0,AG2505P8300.SHF,208.0,15.0,0.00019591624365482234,0.0821917808219178,0.20010360941290853,0.19711710587143896,0.4670722699441368,-0.5383141768470227,-0.07124190690288584,0.07124190690288584
2025-03-26,2025-03-26T15:00:00.000000,AG2505.SHF,8352.0,15.0,AG2505C8300.SHF,213.5,AG2505P8300.SHF,157.5,15.0,0.0001965928934010152,0.07945205479452055,0.1869690905511379,0.18604998618364332,0.5105962311293311,-0.4894546843763933,0.02114154675293778,-0.02114154675293778
2025-03-27,2025-03-27T15:00:00.000000,AG2505.SHF,8358.0,15.0,AG2505C8300.SHF,198.0,AG2505P8300.SHF,140.0,15.0,0.0001967522842639594,0.07671232876712329,0.19836595505476,0.19421739757061002,0.5554796978081578,-0.4447456714990007,0.11073402630915707,-0.11073402630915707
2025-03-28,2025-03-28T15:00:00.000000,AG2505.SHF,8498.0,15.0,AG2505C8300.SHF,299.5,AG2505P8300.SHF,101.5,15.0,0.00019770862944162436,0.07397260273972603,0.18134244896471496,0.18147904694080347,0.6406237042771207,-0.35936941300642533,0.28125429127069534,-0.28125429127069534
2025-03-31,2025-03-31T15:00:00.000000,AG2505.SHF,8498.0,15.0,AG2505C8300.SHF,293.0,AG2505P8300.SHF,102.5,15.0,0.00020468223350253808,0.06575342465753424,0.2018912295997143,0.20203177146613593,0.7023867405042973,-0.29824817868218717,0.4041385618221101,-0.4041385618221101
2025-04-01,2025-04-01T15:00:00.000000,AG2505.SHF,8419.0,15.0,AG2505C8300.SHF,250.0,AG2505P8300.SHF,130.0,15.0,0.00019191624365482235,0.06301369863013699,0.20616342656314368,0.21551103971898555,0.6410558680004429,-0.3585082097178836,0.2825476582825593,-0.2825476582825593
2025-04-02,2025-04-02T15:00:00.000000,AG2505.SHF,8388.0,15.0,AG2505C8300.SHF,223.0,AG2505P8300.SHF,133.5,15.0,0.00019024365482233502,0.06027397260273973,0.22026047706604002,0.21912668272852895,0.6414831550750869,-0.35856858700329514,0.28291456807179177,-0.28291456807179177
2025-04-03,2025-04-03T15:00:00.000000,AG2505.SHF,8282.0,15.0,AG2505C8300.SHF,148.5,AG2505P8300.SHF,161.0,15.0,0.00018386142131979696,0.057534246575342465,0.21487284116446975,0.2131477746367454,0.6410054351100954,-0.3590715055308666,0.28193392957922886,-0.28193392957922886
2025-04-07,2025-04-07T15:00:00.000000,AG2505.SHF,7606.0,15.0,AG2505C8300.SHF,35.0,AG2505P8300.SHF,738.0,15.0,0.00017838578680203046,0.04657534246575343,0.19809406384825703,0.19124916046857837,0.009702587188660624,-0.9903163361581782,-0.9806137489695176,0.9806137489695176
2025-04-08,2025-04-08T15:00:00.000000,AG2505.SHF,7680.0,15.0,AG2505C8300.SHF,29.0,AG2505P8300.SHF,623.0,15.0,0.00018118781725888326,0.043835616438356165,0.344808711707592,0.370566289126873,0.11619643867320353,-0.8332910770352405,-0.717094638362037,0.717094638362037
2025-04-09,2025-04-09T15:00:00.000000,AG2505.SHF,7754.0,15.0,AG2505C8300.SHF,35.0,AG2505P8300.SHF,587.0,15.0,0.00018368680203045685,0.0410958904109589,0.30874992996454237,0.19029924631118772,0.11526103232628009,-0.9703807802352526,-0.8551197479089726,0.8551197479089726
2025-04-10,2025-04-10T15:00:00.000000,AG2505.SHF,7970.0,15.0,AG2505C8300.SHF,50.0,AG2505P8300.SHF,382.0,15.0,0.0001771,0.038356164383561646,0.30823835104703895,0.3237152145802975,0.11504324186588916,-0.8350598784561329,-0.7200166365902438,0.7200166365902438
2025-04-11,2025-04-11T15:00:00.000000,AG2505.SHF,7965.0,15.0,AG2505C8300.SHF,59.5,AG2505P8300.SHF,393.5,15.0,0.00017312857142857144,0.03561643835616438,0.25922848582267766,0.2636129353940486,0.16315119947178552,-0.836747139455245,-0.6735959399834595,0.6735959399834595
2025-04-14,2025-04-14T15:00:00.000000,AG2505.SHF,8085.0,15.0,AG2505C8300.SHF,86.5,AG2505P8300.SHF,297.5,15.0,0.0001692857142857143,0.0273972602739726,0.2925293910503387,0.2904291953146457,0.22424720998760989,-0.775804736153677,-0.551557526166067,0.551557526166067
2025-04-15,2025-04-15T15:00:00.000000,AG2505.SHF,8154.0,15.0,AG2505C8300.SHF,73.5,AG2505P8300.SHF,222.0,15.0,0.00017107142857142858,0.024657534246575342,0.31991434216499326,0.31137564167380327,0.2993918018637811,-0.7033306415681774,-0.40393883970439626,0.40393883970439626
2025-04-16,2025-04-16T15:00:00.000000,AG2505.SHF,8227.0,15.0,AG2505C8300.SHF,96.0,AG2505P8300.SHF,168.5,15.0,0.00017047142857142856,0.021917808219178082,0.2605683113634586,0.2657565732300281,0.34527810249693164,-0.6406302900744535,-0.29535218757752185,0.29535218757752185
2025-04-17,2025-04-17T15:00:00.000000,AG2505.SHF,8156.0,15.0,AG2505C8300.SHF,57.0,AG2505P8300.SHF,205.5,15.0,0.0001652,0.019178082191780823,0.2655927386879921,0.2645791885256767,0.462891265576018,-0.5371365664382552,-0.07424530086223724,0.07424530086223724
2025-04-18,2025-04-18T15:00:00.000000,AG2505.SHF,8147.0,15.0,AG2505C8300.SHF,36.5,AG2505P8300.SHF,190.0,15.0,0.00016549999999999998,0.01643835616438356,0.252571080327034,0.2641788095235824,0.29381103481002013,-0.7059332038345558,-0.4121221690245357,0.4121221690245357
2025-04-21,2025-04-21T15:00:00.000000,AG2506.SHF,8247.0,15.0,AG2506C8200.SHF,311.0,AG2506P8200.SHF,267.0,15.0,0.00017580753424657533,0.0958904109589041,0.2,0.2,0.4679791583551295,-0.5320208416448932,-0.06404168328976367,0.06404168328976367
2025-04-22,2025-04-22T15:00:00.000000,AG2506.SHF,8174.0,15.0,AG2506C8200.SHF,285.5,AG2506P8200.SHF,318.5,15.0,0.00017540589041095892,0.09315068493150686,0.28184224888682363,0.2849441038072108,0.561597628152539,-0.43821602916292335,0.12338159898961565,-0.12338159898961565
2025-04-23,2025-04-23T15:00:00.000000,AG2506.SHF,8199.0,15.0,AG2506C8200.SHF,285.5,AG2506P8200.SHF,290.0,15.0,0.0001749169863013699,0.09041095890410959,0.29926052950322635,0.30644723176956173,0.47353817179594465,-0.5260320313535037,-0.052493859557559086,0.052493859557559086
2025-04-24,2025-04-24T15:00:00.000000,AG2506.SHF,8296.0,15.0,AG2506C8200.SHF,329.5,AG2506P8200.SHF,240.5,15.0,0.00017470780821917807,0.08767123287671233,0.29167012706398954,0.2953756047785282,0.5443082056335182,-0.455475360899823,0.08883284473369524,-0.08883284473369524
2025-04-25,2025-04-25T15:00:00.000000,AG2506.SHF,8280.0,15.0,AG2506C8200.SHF,310.0,AG2506P8200.SHF,231.0,15.0,0.00017470287671232876,0.08493150684931507,0.2854576843231916,0.29280138604342937,0.5610336846749971,-0.4385449048662181,0.12248877980877904,-0.12248877980877904
2025-04-28,2025-04-28T15:00:00.000000,AG2506.SHF,8168.0,15.0,AG2506C8200.SHF,225.0,AG2506P8200.SHF,265.0,15.0,0.00017502385786802028,0.07671232876712329,0.2790028257668019,0.28017834231257444,0.5598618055366509,-0.4400740714202998,0.11978773411635107,-0.11978773411635107
2025-04-29,2025-04-29T15:00:00.000000,AG2506.SHF,8215.0,15.0,AG2506C8200.SHF,255.0,AG2506P8200.SHF,244.0,15.0,0.00017518680203045686,0.07397260273972603,0.2657672039419412,0.2747700825333595,0.47000691288982305,-0.529506854245155,-0.05949994135533193,0.05949994135533193
2025-04-30,2025-04-30T15:00:00.000000,AG2506.SHF,8182.0,15.0,AG2506C8200.SHF,266.5,AG2506P8200.SHF,290.0,15.0,0.0001753223350253807,0.07123287671232877,0.2780454982817173,0.2826742911338806,0.5592529154797692,-0.4405037219272077,0.11874919355256147,-0.11874919355256147
2025-05-06,2025-05-06T15:00:00.000000,AG2506.SHF,8235.0,15.0,AG2506C8200.SHF,200.5,AG2506P8200.SHF,169.5,15.0,0.00017351725888324873,0.0547945205479452,0.31599576093256465,0.3224454894661904,0.4703230516693245,-0.5293767124831418,-0.0590536608138173,0.0590536608138173
2025-05-07,2025-05-07T15:00:00.000000,AG2506.SHF,8252.0,15.0,AG2506C8200.SHF,202.0,AG2506P8200.SHF,152.0,15.0,0.00017231725888324875,0.052054794520547946,0.23715980991721153,0.24249272063374513,0.5552716185030275,-0.444488716679993,0.11078290182303452,-0.11078290182303452
2025-05-08,2025-05-08T15:00:00.000000,AG2506.SHF,8094.0,15.0,AG2506C8200.SHF,120.5,AG2506P8200.SHF,229.0,15.0,0.00016853604060913707,0.049315068493150684,0.23267611071467395,0.23545524865388867,0.5547863158370927,-0.44509211525707476,0.10969420058001794,-0.10969420058001794
2025-05-09,2025-05-09T15:00:00.000000,AG2506.SHF,8168.0,15.0,AG2506C8200.SHF,139.5,AG2506P8200.SHF,171.5,15.0,0.0001577756345177665,0.04657534246575343,0.23316799983382222,0.23692154556512834,0.43141103298101474,-0.560533280769892,-0.1291222477888772,0.1291222477888772
2025-05-12,2025-05-12T15:00:00.000000,AG2506.SHF,8232.0,15.0,AG2506C8200.SHF,168.5,AG2506P8200.SHF,136.0,15.0,0.00015629999999999998,0.038356164383561646,0.21933381110429762,0.21941962778568264,0.46414301851766393,-0.5358536538971358,-0.07171063537947187,0.07171063537947187
2025-05-13,2025-05-13T15:00:00.000000,AG2506.SHF,8219.0,15.0,AG2506C8200.SHF,149.0,AG2506P8200.SHF,133.0,15.0,0.00015465714285714286,0.03561643835616438,0.2360660475492477,0.23536133661866188,0.4644545793456992,-0.5355717785466689,-0.0711171992009697,0.0711171992009697
2025-05-14,2025-05-14T15:00:00.000000,AG2506.SHF,8172.0,15.0,AG2506C8200.SHF,111.0,AG2506P8200.SHF,141.5,15.0,0.0001526,0.03287671232876712,0.22501001819968225,0.22995337337255473,0.4637065213603134,-0.5361159238740455,-0.07240940251373212,0.07240940251373212
2025-05-15,2025-05-15T15:00:00.000000,AG2506.SHF,7991.0,15.0,AG2506C8200.SHF,41.0,AG2506P8200.SHF,252.0,15.0,0.00015272857142857143,0.030136986301369864,0.209630714058876,0.21393634513020512,0.37572943572645223,-0.6241292965309148,-0.24839986080446252,0.24839986080446252
2025-05-16,2025-05-16T15:00:00.000000,AG2506.SHF,8083.0,15.0,AG2506C8200.SHF,56.0,AG2506P8200.SHF,174.0,15.0,0.0001569,0.0273972602739726,0.20864595726132393,0.2135700377821922,0.29419683278654934,-0.705663320898983,-0.41146648811243364,0.41146648811243364
2025-05-19,2025-05-19T15:00:00.000000,AG2506.SHF,8115.0,15.0,AG2506C8200.SHF,49.0,AG2506P8200.SHF,136.0,15.0,0.0001562,0.019178082191780823,0.19447478830814358,0.19650574356317518,0.22104093828338925,-0.7789175465423146,-0.5578766082589254,0.5578766082589254
2025-05-20,2025-05-20T15:00:00.000000,AG2506.SHF,8059.0,15.0,AG2506C8200.SHF,24.0,AG2506P8200.SHF,166.5,15.0,0.00015481666666666667,0.01643835616438356,0.18799319729208946,0.19273084744811056,0.3524217325959037,-0.6364709101859597,-0.284049177590056,0.284049177590056
2025-05-21,2025-05-21T15:00:00.000000,AG2507.SHF,8261.0,15.0,AG2507C8300.SHF,197.5,AG2507P8300.SHF,233.5,15.0,0.00016164726027397263,0.09315068493150686,0.2,0.2,0.3804747338444983,-0.6195252661554912,-0.23905053231099288,0.23905053231099288
2025-05-22,2025-05-22T15:00:00.000000,AG2507.SHF,8289.0,15.0,AG2507C8300.SHF,204.5,AG2507P8300.SHF,212.5,15.0,0.00016141465753424656,0.09041095890410959,0.2141589970141649,0.21129700772464272,0.46845200985583424,-0.5317184130361675,-0.06326640318033327,0.06326640318033327
2025-05-23,2025-05-23T15:00:00.000000,AG2507.SHF,8255.0,15.0,AG2507C8300.SHF,165.0,AG2507P8300.SHF,213.5,15.0,0.00016118068493150683,0.08767123287671233,0.211205927580595,0.20830199368298047,0.4680812394147137,-0.532088995265903,-0.06400775585118934,0.06400775585118934
2025-05-26,2025-05-26T15:00:00.000000,AG2507.SHF,8269.0,15.0,AG2507C8300.SHF,149.0,AG2507P8300.SHF,186.5,15.0,0.00016185583756345178,0.07945205479452055,0.19028158776462079,0.19399415262043473,0.46631165484206505,-0.5334815280087118,-0.0671698731666468,0.0671698731666468
2025-05-27,2025-05-27T15:00:00.000000,AG2507.SHF,8210.0,15.0,AG2507C8300.SHF,112.5,AG2507P8300.SHF,208.0,15.0,0.0001621802030456853,0.07671232876712329,0.17561208009719848,0.18272832609713074,0.46532208530312263,-0.5342889832089533,-0.06896689790583072,0.06896689790583072
2025-05-28,2025-05-28T15:00:00.000000,AG2507.SHF,8215.0,15.0,AG2507C8300.SHF,114.0,AG2507P8300.SHF,198.5,15.0,0.00016262385786802033,0.07397260273972603,0.16841016568243503,0.17488999232649802,0.3775736226476523,-0.6220941806385718,-0.24452055799091948,0.24452055799091948
2025-05-29,2025-05-29T15:00:00.000000,AG2507.SHF,8217.0,15.0,AG2507C8300.SHF,115.5,AG2507P8300.SHF,201.0,15.0,0.00016540913705583756,0.07123287671232877,0.17095748886466022,0.17050936803221697,0.4595728522870064,-0.5416154416783133,-0.08204258939130693,0.08204258939130693
2025-05-30,2025-05-30T15:00:00.000000,AG2507.SHF,8212.0,15.0,AG2507C8300.SHF,107.0,AG2507P8300.SHF,206.0,15.0,0.00016592639593908634,0.0684931506849315,0.17486570626497266,0.1778299698233604,0.4647460995816135,-0.5351009267849395,-0.07035482720332598,0.07035482720332598
2025-06-03,2025-06-03T15:00:00.000000,AG2507.SHF,8442.0,15.0,AG2507C8300.SHF,241.0,AG2507P8300.SHF,100.5,15.0,0.00015964822335025382,0.057534246575342465,0.1705782230198383,0.18405612722039216,0.7787367915474847,-0.280636740957775,0.49810005058970963,-0.49810005058970963
2025-06-04,2025-06-04T15:00:00.000000,AG2507.SHF,8456.0,15.0,AG2507C8300.SHF,242.0,AG2507P8300.SHF,89.5,15.0,0.00015920812182741118,0.0547945205479452,0.19923669487237933,0.20131266385316848,0.6614339173991264,-0.3471420531499412,0.3142918642491852,-0.3142918642491852
2025-06-05,2025-06-05T15:00:00.000000,AG2507.SHF,8464.0,15.0,AG2507C8300.SHF,245.0,AG2507P8300.SHF,83.5,15.0,0.0001599832487309645,0.052054794520547946,0.19342104308307168,0.1982381492853164,0.6396093367034019,-0.36018611865383016,0.27942321804957176,-0.27942321804957176
2025-06-06,2025-06-06T15:00:00.000000,AG2507.SHF,8842.0,15.0,AG2507C8300.SHF,586.0,AG2507P8300.SHF,49.5,15.0,0.00015955532994923858,0.049315068493150684,0.19551920756697652,0.19907176315784453,0.8480634759861677,-0.1518443480862227,0.696219127899945,-0.696219127899945
2025-06-09,2025-06-09T15:00:00.000000,AG2507.SHF,8899.0,15.0,AG2507C8300.SHF,630.0,AG2507P8300.SHF,32.0,15.0,0.0001559776649746193,0.0410958904109589,0.2816731657087803,0.29382138580083844,0.8566835284939722,-0.1500592978693421,0.7066242306246301,-0.7066242306246301
2025-06-10,2025-06-10T15:00:00.000000,AG2507.SHF,8879.0,15.0,AG2507C8300.SHF,598.5,AG2507P8300.SHF,24.0,15.0,0.0001544,0.038356164383561646,0.29521799743175503,0.2984453451633453,0.8960815473756256,-0.10386153474034036,0.7922200126352853,-0.7922200126352853
2025-06-11,2025-06-11T15:00:00.000000,AG2507.SHF,8889.0,15.0,AG2507C8300.SHF,609.0,AG2507P8300.SHF,18.5,15.0,0.00015517142857142857,0.03561643835616438,0.2624873253703117,0.2769318088889123,0.930566887863779,-0.10442074496000153,0.8261461429037774,-0.8261461429037774
2025-06-12,2025-06-12T15:00:00.000000,AG2507.SHF,8811.0,15.0,AG2507C8300.SHF,556.5,AG2507P8300.SHF,15.0,15.0,0.00015309999999999998,0.03287671232876712,0.27749356120824814,0.27270490735769276,0.8954013799805871,-0.09758132666687691,0.7978200533137102,-0.7978200533137102
2025-06-13,2025-06-13T15:00:00.000000,AG2507.SHF,8780.0,15.0,AG2507C8300.SHF,500.5,AG2507P8300.SHF,17.5,15.0,0.0001528,0.030136986301369864,0.33661852657794944,0.24307229459285734,0.8498022450840012,-0.06992495231001496,0.7798772927739862,-0.7798772927739862
2025-06-16,2025-06-16T15:00:00.000000,AG2507.SHF,8848.0,15.0,AG2507C8300.SHF,548.5,AG2507P8300.SHF,11.0,15.0,0.0001514714285714286,0.021917808219178082,0.2624988901615142,0.2518310523033142,0.9298476344551886,-0.06149446643474874,0.8683531680204398,-0.8683531680204398
2025-06-17,2025-06-17T15:00:00.000000,AG2507.SHF,8854.0,15.0,AG2507C8300.SHF,561.0,AG2507P8300.SHF,9.0,15.0,0.0001508,0.019178082191780823,0.17582321166992185,0.28962728083133693,0.9953279328435837,-0.0555426555974692,0.9397852772461145,-0.9397852772461145
2025-06-18,2025-06-18T15:00:00.000000,AG2507.SHF,9034.0,15.0,AG2507C8300.SHF,735.0,AG2507P8300.SHF,5.0,15.0,0.00014818333333333332,0.01643835616438356,0.2832891821861266,0.30000795602798463,0.9840148596949222,-0.02710379642554306,0.9569110632693791,-0.9569110632693791
2025-06-19,2025-06-19T15:00:00.000000,AG2508.SHF,8819.0,15.0,AG2508C8800.SHF,289.5,AG2508P8800.SHF,271.0,15.0,0.00016218260273972602,0.09863013698630137,0.2,0.2,0.6431344133550884,-0.35686558664491325,0.2862688267101751,-0.2862688267101751
2025-06-20,2025-06-20T15:00:00.000000,AG2508.SHF,8664.0,15.0,AG2508C8800.SHF,196.0,AG2508P8800.SHF,323.0,15.0,0.0001620678082191781,0.0958904109589041,0.25371387444436555,0.25429669544100764,0.5601265407123284,-0.4398379374266316,0.1202886032856968,-0.1202886032856968
2025-06-23,2025-06-23T15:00:00.000000,AG2508.SHF,8770.0,15.0,AG2508C8800.SHF,231.0,AG2508P8800.SHF,258.5,15.0,0.00016202342465753428,0.08767123287671233,0.23988352581858632,0.23163596153259275,0.46976473639612254,-0.5307196263404976,-0.06095488994437509,0.06095488994437509
2025-06-24,2025-06-24T15:00:00.000000,AG2508.SHF,8739.0,15.0,AG2508C8800.SHF,204.0,AG2508P8800.SHF,267.5,15.0,0.00016200863013698634,0.08493150684931507,0.23650325596332544,0.234206028804183,0.4693448845980405,-0.5307878935713493,-0.06144300897330873,0.06144300897330873
2025-06-25,2025-06-25T15:00:00.000000,AG2508.SHF,8726.0,15.0,AG2508C8800.SHF,180.5,AG2508P8800.SHF,258.0,15.0,0.000162453807106599,0.0821917808219178,0.2280394152551889,0.23061965361237521,0.4686390845138622,-0.5312142692078009,-0.06257518469393869,0.06257518469393869
2025-06-26,2025-06-26T15:00:00.000000,AG2508.SHF,8796.0,15.0,AG2508C8800.SHF,215.0,AG2508P8800.SHF,222.0,15.0,0.00016318375634517766,0.07945205479452055,0.21438155993819238,0.21800391942262642,0.46472904987918834,-0.5321416026679849,-0.0674125527887966,0.0674125527887966
2025-06-27,2025-06-27T15:00:00.000000,AG2508.SHF,8792.0,15.0,AG2508C8800.SHF,218.0,AG2508P8800.SHF,232.0,15.0,0.00016398730964467008,0.07671232876712329,0.2198229424655437,0.2229819986224174,0.4677439801216554,-0.532082684802065,-0.06433870468040959,0.06433870468040959
2025-06-30,2025-06-30T15:00:00.000000,AG2508.SHF,8762.0,15.0,AG2508C8800.SHF,194.5,AG2508P8800.SHF,231.5,15.0,0.000166951269035533,0.0684931506849315,0.22874640949070446,0.23505666367709632,0.4675345995294659,-0.5321380857078607,-0.06460348617839479,0.06460348617839479
2025-07-01,2025-07-01T15:00:00.000000,AG2508.SHF,8810.0,15.0,AG2508C8800.SHF,219.5,AG2508P8800.SHF,210.0,15.0,0.0001598238578680203,0.06575342465753424,0.23173949606716626,0.23075499132275576,0.4674407978302329,-0.5326092457977482,-0.06516844796751525,0.06516844796751525
2025-07-02,2025-07-02T15:00:00.000000,AG2508.SHF,8747.0,15.0,AG2508C8800.SHF,180.0,AG2508P8800.SHF,235.0,15.0,0.00015844263959390864,0.06301369863013699,0.23837446883320804,0.23903461083769798,0.5220618426587943,-0.47790542883524095,0.04415641382355334,-0.04415641382355334
2025-07-03,2025-07-03T15:00:00.000000,AG2508.SHF,8944.0,15.0,AG2508C8800.SHF,304.0,AG2508P8800.SHF,159.0,15.0,0.00015663147208121829,0.06027397260273973,0.23306256748735898,0.23544733121991154,0.46699635782173327,-0.5328875595709264,-0.0658912017491931,0.0658912017491931
2025-07-04,2025-07-04T15:00:00.000000,AG2508.SHF,8919.0,15.0,AG2508C8800.SHF,267.5,AG2508P8800.SHF,152.0,15.0,0.0001547730964467005,0.057534246575342465,0.25861638218164446,0.25750293001532565,0.5568325295436761,-0.4432201221081545,0.11361240743552165,-0.11361240743552165
2025-07-07,2025-07-07T15:00:00.000000,AG2508.SHF,8872.0,15.0,AG2508C8800.SHF,228.0,AG2508P8800.SHF,157.0,15.0,0.00015093502538071065,0.049315068493150684,0.2392922832816839,0.24374563232064245,0.641280799421336,-0.35853485175190836,0.2827459476694276,-0.2827459476694276
2025-07-08,2025-07-08T15:00:00.000000,AG2508.SHF,8926.0,15.0,AG2508C8800.SHF,251.0,AG2508P8800.SHF,128.5,15.0,0.00015084060913705583,0.04657534246575343,0.2419203227758407,0.24328624323010442,0.5548827689690499,-0.4450591057971069,0.10982366317194298,-0.10982366317194298
2025-07-09,2025-07-09T15:00:00.000000,AG2508.SHF,8879.0,15.0,AG2508C8800.SHF,211.5,AG2508P8800.SHF,144.5,15.0,0.00015003604060913705,0.043835616438356165,0.23694485306739807,0.24186925977468482,0.6406161651056851,-0.3591915337690075,0.2814246313366776,-0.2814246313366776
2025-07-10,2025-07-10T15:00:00.000000,AG2508.SHF,8893.0,15.0,AG2508C8800.SHF,214.0,AG2508P8800.SHF,125.0,15.0,0.00015004365482233504,0.0410958904109589,0.22889326751232142,0.24528131797909733,0.5537307296871405,-0.44561415098062807,0.10811657870651248,-0.10811657870651248
2025-07-11,2025-07-11T15:00:00.000000,AG2508.SHF,9016.0,15.0,AG2508C8800.SHF,316.5,AG2508P8800.SHF,90.5,15.0,0.0001514,0.038356164383561646,0.2288824144005775,0.2347167032957077,0.6397177544829553,-0.36006903196961393,0.2796487225133414,-0.2796487225133414
2025-07-14,2025-07-14T15:00:00.000000,AG2508.SHF,9179.0,15.0,AG2508C8800.SHF,425.0,AG2508P8800.SHF,51.0,15.0,0.00015264285714285713,0.030136986301369864,0.2725534975528716,0.255884422659874,0.7788026985982628,-0.21050691097218327,0.5682957876260795,-0.5682957876260795
2025-07-15,2025-07-15T15:00:00.000000,AG2508.SHF,9198.0,15.0,AG2508C8800.SHF,423.0,AG2508P8800.SHF,34.0,15.0,0.0001560142857142857,0.0273972602739726,0.27904090061783793,0.2900145530700683,0.789745245965604,-0.20999327254336522,0.5797519734222388,-0.5797519734222388
2025-07-16,2025-07-16T15:00:00.000000,AG2508.SHF,9125.0,15.0,AG2508C8800.SHF,353.0,AG2508P8800.SHF,31.5,15.0,0.00015197142857142858,0.024657534246575342,0.24388182997703547,0.269076409637928,0.8658551460618079,-0.1520958483978877,0.7137592976639202,-0.7137592976639202
2025-07-17,2025-07-17T15:00:00.000000,AG2508.SHF,9140.0,15.0,AG2508C8800.SHF,356.5,AG2508P8800.SHF,20.5,15.0,0.0001511,0.021917808219178082,0.2331333944201469,0.24355599939823147,0.8469917053252738,-0.15282667699493074,0.6941650283303431,-0.6941650283303431
2025-07-18,2025-07-18T15:00:00.000000,AG2508.SHF,9246.0,15.0,AG2508C8800.SHF,461.0,AG2508P8800.SHF,10.0,15.0,0.0001494,0.019178082191780823,0.21548664987087252,0.2310921791195869,0.8464378820541839,-0.15330735387733002,0.6931305281768538,-0.6931305281768538
2025-07-21,2025-07-21T15:00:00.000000,AG2509.SHF,9257.0,15.0,AG2509C9300.SHF,253.0,AG2509P9300.SHF,308.0,15.0,0.00015354315068493148,0.0958904109589041,0.2,0.2,0.46796540766214084,-0.5320345923378392,-0.06406918467569839,0.06406918467569839
2025-07-22,2025-07-22T15:00:00.000000,AG2509.SHF,9382.0,15.0,AG2509C9300.SHF,312.0,AG2509P9300.SHF,227.5,15.0,0.00015301780821917808,0.09315068493150686,0.2385552057623863,0.2491844498366117,0.47011831648338115,-0.5292376843150304,-0.05911936783164923,0.05911936783164923
2025-07-23,2025-07-23T15:00:00.000000,AG2509.SHF,9479.0,15.0,AG2509C9300.SHF,361.0,AG2509P9300.SHF,205.0,15.0,0.00015299342465753424,0.09041095890410959,0.2357923919707537,0.2337029010802507,0.5714966353648198,-0.42257966519933,0.14891697016548977,-0.14891697016548977
2025-07-24,2025-07-24T15:00:00.000000,AG2509.SHF,9353.0,15.0,AG2509C9300.SHF,277.5,AG2509P9300.SHF,241.5,15.0,0.00015364424657534245,0.08767123287671233,0.23219571225345131,0.2538677454739809,0.6442230988615768,-0.354584819901624,0.2896382789599528,-0.2896382789599528
2025-07-25,2025-07-25T15:00:00.000000,AG2509.SHF,9377.0,15.0,AG2509C9300.SHF,300.0,AG2509P9300.SHF,211.5,15.0,0.00015451342465753424,0.08493150684931507,0.22638440467417237,0.2419875764846801,0.5036368490136905,-0.4954638275530917,0.00817302146059884,-0.00817302146059884
2025-07-28,2025-07-28T15:00:00.000000,AG2509.SHF,9203.0,15.0,AG2509C9300.SHF,174.5,AG2509P9300.SHF,278.0,15.0,0.00015616598984771572,0.07671232876712329,0.23843220382928848,0.2279132848978042,0.5576408446135971,-0.44293276241684126,0.11470808219675582,-0.11470808219675582
2025-07-29,2025-07-29T15:00:00.000000,AG2509.SHF,9181.0,15.0,AG2509C9300.SHF,150.0,AG2509P9300.SHF,263.0,15.0,0.00015668578680203045,0.07397260273972603,0.2145855450630188,0.22107620999217034,0.4548528484874056,-0.5324123665697823,-0.07755951808237671,0.07755951808237671
2025-07-30,2025-07-30T15:00:00.000000,AG2509.SHF,9178.0,15.0,AG2509C9300.SHF,141.0,AG2509P9300.SHF,264.0,15.0,0.00015688324873096448,0.07123287671232877,0.2039133481681347,0.19771370083093642,0.379195473674705,-0.6211177765304464,-0.2419223028557414,0.2419223028557414
2025-07-31,2025-07-31T15:00:00.000000,AG2509.SHF,8997.0,15.0,AG2509C9300.SHF,74.5,AG2509P9300.SHF,375.0,15.0,0.00015486802030456853,0.0684931506849315,0.19936847418546677,0.20055229365825655,0.3787661185818745,-0.6211752374237205,-0.24240911884184602,0.24240911884184602
2025-08-01,2025-08-01T15:00:00.000000,AG2509.SHF,8908.0,15.0,AG2509C9300.SHF,57.5,AG2509P9300.SHF,444.0,15.0,0.00015505634517766498,0.06575342465753424,0.1974852220714092,0.1945539329946041,0.2246121657135967,-0.7754997882578009,-0.5508876225442041,0.5508876225442041
2025-08-04,2025-08-04T15:00:00.000000,AG2509.SHF,9030.0,15.0,AG2509C9300.SHF,79.5,AG2509P9300.SHF,333.5,15.0,0.0001529218274111675,0.057534246575342465,0.20739675223827359,0.1995317453145981,0.2244707014481319,-0.7758103166329887,-0.5513396151848569,0.5513396151848569
2025-08-05,2025-08-05T15:00:00.000000,AG2509.SHF,9066.0,15.0,AG2509C9300.SHF,67.5,AG2509P9300.SHF,301.5,15.0,0.0001504294416243655,0.0547945205479452,0.20908879980444905,0.18792698144912717,0.2967064468050191,-0.7305495054485568,-0.43384305864353767,0.43384305864353767
2025-08-06,2025-08-06T15:00:00.000000,AG2509.SHF,9168.0,15.0,AG2509C9300.SHF,96.0,AG2509P9300.SHF,225.0,15.0,0.00015058781725888325,0.052054794520547946,0.1834076093137264,0.18351181104779238,0.2954828808667169,-0.7045130399981319,-0.40903015913141494,0.40903015913141494
2025-08-07,2025-08-07T15:00:00.000000,AG2509.SHF,9246.0,15.0,AG2509C9300.SHF,129.0,AG2509P9300.SHF,182.0,15.0,0.00014911827411167515,0.049315068493150684,0.18151430472731586,0.17784097120165823,0.3764963057681906,-0.6236575687406213,-0.24716126297243068,0.24716126297243068
2025-08-08,2025-08-08T15:00:00.000000,AG2509.SHF,9268.0,15.0,AG2509C9300.SHF,126.0,AG2509P9300.SHF,157.5,15.0,0.0001479261421319797,0.04657534246575343,0.1875312876701355,0.1863935049623251,0.463660210386129,-0.5363883034590734,-0.07272809307294442,0.07272809307294442
2025-08-11,2025-08-11T15:00:00.000000,AG2509.SHF,9199.0,15.0,AG2509C9300.SHF,78.5,AG2509P9300.SHF,187.0,15.0,0.0001455,0.038356164383561646,0.17639460131525994,0.17584743842482567,0.4624762238809754,-0.5375449228012711,-0.07506869892029566,0.07506869892029566
2025-08-12,2025-08-12T15:00:00.000000,AG2509.SHF,9176.0,15.0,AG2509C9300.SHF,63.0,AG2509P9300.SHF,185.0,15.0,0.00014527142857142858,0.03561643835616438,0.16888525620102882,0.17990662083029751,0.293750001551658,-0.7058942046157018,-0.41214420306404387,0.41214420306404387
2025-08-13,2025-08-13T15:00:00.000000,AG2509.SHF,9287.0,15.0,AG2509C9300.SHF,110.5,AG2509P9300.SHF,117.0,15.0,0.00014618571428571427,0.03287671232876712,0.1648414935171604,0.16188179656863214,0.33167449203147015,-0.6781538130073859,-0.3464793209759157,0.3464793209759157
2025-08-14,2025-08-14T15:00:00.000000,AG2509.SHF,9277.0,15.0,AG2509C9300.SHF,96.5,AG2509P9300.SHF,117.5,15.0,0.00014637142857142857,0.030136986301369864,0.17369899675250053,0.16406537741422655,0.5505128498222249,-0.4498157071524914,0.10069714266973351,-0.10069714266973351
2025-08-15,2025-08-15T15:00:00.000000,AG2509.SHF,9191.0,15.0,AG2509C9300.SHF,61.5,AG2509P9300.SHF,166.0,15.0,0.00014821428571428573,0.0273972602739726,0.16679469779133796,0.16373963579535483,0.4045588992435435,-0.6004591212939305,-0.19590022205038704,0.19590022205038704
2025-08-18,2025-08-18T15:00:00.000000,AG2509.SHF,9247.0,15.0,AG2509C9300.SHF,71.5,AG2509P9300.SHF,124.0,15.0,0.0001483,0.019178082191780823,0.17565273478627205,0.16794438630342484,0.29243257759204155,-0.7077494757381069,-0.4153168981460653,0.4153168981460653
2025-08-19,2025-08-19T15:00:00.000000,AG2509.SHF,9176.0,15.0,AG2509C9300.SHF,30.0,AG2509P9300.SHF,152.5,15.0,0.00015081666666666666,0.01643835616438356,0.18724922537803648,0.18632196635007858,0.4299800470180573,-0.5711989197672828,-0.14121887274922545,0.14121887274922545
2025-08-20,2025-08-20T15:00:00.000000,AG2510.SHF,9042.0,15.0,AG2510C9000.SHF,232.0,AG2510P9000.SHF,184.0,15.0,0.00015333561643835617,0.0958904109589041,0.2,0.2,0.6429636100652827,-0.35703638993473735,0.28592722013054533,-0.28592722013054533
2025-08-21,2025-08-21T15:00:00.000000,AG2510.SHF,9162.0,15.0,AG2510C9000.SHF,297.0,AG2510P9000.SHF,135.0,15.0,0.00015340013698630136,0.09315068493150686,0.18821165323257444,0.1829276111721992,0.6421276719130813,-0.3581716471055858,0.2839560248074955,-0.2839560248074955
2025-08-22,2025-08-22T15:00:00.000000,AG2510.SHF,9192.0,15.0,AG2510C9000.SHF,320.0,AG2510P9000.SHF,130.0,15.0,0.00015308493150684933,0.09041095890410959,0.18569233760237694,0.18581507265567776,0.6418261110939687,-0.35816703823038215,0.28365907286358655,-0.28365907286358655
2025-08-25,2025-08-25T15:00:00.000000,AG2510.SHF,9394.0,15.0,AG2510C9000.SHF,471.0,AG2510P9000.SHF,80.5,15.0,0.00015306345177664975,0.0821917808219178,0.19210456952452662,0.1941591584682464,0.6416764535005027,-0.35821411897183686,0.28346233452866587,-0.28346233452866587
2025-08-26,2025-08-26T15:00:00.000000,AG2510.SHF,9354.0,15.0,AG2510C9000.SHF,432.0,AG2510P9000.SHF,81.0,15.0,0.0001528705583756345,0.07945205479452055,0.20922606498003005,0.2138829988241196,0.7218624751942145,-0.27791823064181764,0.4439442445523969,-0.4439442445523969
2025-08-27,2025-08-27T15:00:00.000000,AG2510.SHF,9305.0,15.0,AG2510C9000.SHF,387.0,AG2510P9000.SHF,79.0,15.0,0.00015260000000000002,0.07671232876712329,0.203178598433733,0.20681218169629573,0.7214086208664432,-0.2784231823067999,0.4429854385596433,-0.4429854385596433
2025-08-28,2025-08-28T15:00:00.000000,AG2510.SHF,9377.0,15.0,AG2510C9000.SHF,445.0,AG2510P9000.SHF,67.0,15.0,0.00015333705583756347,0.07397260273972603,0.19577859990298746,0.19244023017585277,0.7209004586798441,-0.27925133087503823,0.44164912780480586,-0.44164912780480586
2025-08-29,2025-08-29T15:00:00.000000,AG2510.SHF,9386.0,15.0,AG2510C9000.SHF,452.0,AG2510P9000.SHF,64.5,15.0,0.0001534532994923858,0.07123287671232877,0.20350386559963224,0.20228294983506204,0.7909495470330047,-0.20909705579936727,0.5818524912336374,-0.5818524912336374
2025-09-01,2025-09-01T15:00:00.000000,AG2510.SHF,9775.0,15.0,AG2510C9000.SHF,751.5,AG2510P9000.SHF,33.5,15.0,0.00015042842639593907,0.06301369863013699,0.20721835792064663,0.20527719289064406,0.7906129378995626,-0.20945684650170043,0.5811560913978622,-0.5811560913978622
2025-09-02,2025-09-02T15:00:00.000000,AG2510.SHF,9824.0,15.0,AG2510C9000.SHF,845.0,AG2510P9000.SHF,31.5,15.0,0.0001506208121827411,0.06027397260273973,0.01,0.26780603215098375,1.0000000000000058,-0.10319700679637636,0.8968029932036294,-0.8968029932036294
2025-09-03,2025-09-03T15:00:00.000000,AG2510.SHF,9820.0,15.0,AG2510C9000.SHF,849.0,AG2510P9000.SHF,29.5,15.0,0.0001499218274111675,0.057534246575342465,0.25302934259176263,0.280879257619381,0.9182884586964569,-0.1030528301288926,0.8152356285675644,-0.8152356285675644
2025-09-04,2025-09-04T15:00:00.000000,AG2510.SHF,9773.0,15.0,AG2510C9000.SHF,818.5,AG2510P9000.SHF,30.5,15.0,0.00014917157360406092,0.0547945205479452,0.2804094898700714,0.28177727848291395,0.9316374923701645,-0.06834146222823986,0.8632960301419246,-0.8632960301419246
2025-09-05,2025-09-05T15:00:00.000000,AG2510.SHF,9812.0,15.0,AG2510C9000.SHF,829.0,AG2510P9000.SHF,29.5,15.0,0.00014831421319796956,0.052054794520547946,0.31550575479865073,0.2793887042999268,0.8973571581125198,-0.10338043387907815,0.7939767242334417,-0.7939767242334417
2025-09-08,2025-09-08T15:00:00.000000,AG2510.SHF,9813.0,15.0,AG2510C9000.SHF,824.0,AG2510P9000.SHF,23.0,15.0,0.0001476969543147208,0.043835616438356165,0.2560613343119621,0.29418173283338545,0.9578718944391164,-0.06863247860159893,0.8892394158375174,-0.8892394158375174
2025-09-09,2025-09-09T15:00:00.000000,AG2510.SHF,9846.0,15.0,AG2510C9000.SHF,850.0,AG2510P9000.SHF,18.0,15.0,0.00015013401015228424,0.0410958904109589,0.254502281844616,0.30156831324100497,0.9618813723794133,-0.0686633802747767,0.8932179921046366,-0.8932179921046366
2025-09-10,2025-09-10T15:00:00.000000,AG2510.SHF,9796.0,15.0,AG2510C9000.SHF,813.5,AG2510P9000.SHF,17.0,15.0,0.0001501,0.038356164383561646,0.2255387663841248,0.30109160661697393,0.9730781932209023,-0.06880736676539681,0.9042708264555055,-0.9042708264555055
2025-09-11,2025-09-11T15:00:00.000000,AG2510.SHF,9798.0,15.0,AG2510C9000.SHF,810.0,AG2510P9000.SHF,16.5,15.0,0.0001503714285714286,0.03561643835616438,0.2960041067004204,0.2942437082529068,0.9309862344256814,-0.06903577561407676,0.8619504588116047,-0.8619504588116047
2025-09-12,2025-09-12T15:00:00.000000,AG2510.SHF,10035.0,15.0,AG2510C9000.SHF,1009.0,AG2510P9000.SHF,8.5,15.0,0.00015057142857142857,0.03287671232876712,0.28438137292861926,0.3038737988471985,0.9560068917336411,-0.06906540770392466,0.8869414840297164,-0.8869414840297164
2025-09-15,2025-09-15T15:00:00.000000,AG2510.SHF,10017.0,15.0,AG2510C9000.SHF,1005.0,AG2510P9000.SHF,6.0,15.0,0.00014797142857142856,0.024657534246575342,0.01,0.3374925875663756,0.9999999999999774,-0.018199431032715128,0.9818005689672622,-0.9818005689672622
2025-09-16,2025-09-16T15:00:00.000000,AG2510.SHF,10108.0,15.0,AG2510C9000.SHF,1103.5,AG2510P9000.SHF,6.0,15.0,0.00014794285714285715,0.021917808219178082,0.01,0.35999731540679925,0.9999999999999887,-0.020467992912907768,0.9795320070870809,-0.9795320070870809
2025-09-17,2025-09-17T15:00:00.000000,AG2510.SHF,9906.0,15.0,AG2510C9000.SHF,916.5,AG2510P9000.SHF,12.0,15.0,0.00015189999999999998,0.019178082191780823,0.01,0.40823008596897126,0.9999999999999776,-0.015369029591642236,0.9846309704083354,-0.9846309704083354
2025-09-18,2025-09-18T15:00:00.000000,AG2510.SHF,9808.0,15.0,AG2510C9000.SHF,762.5,AG2510P9000.SHF,7.5,15.0,0.00015256666666666667,0.01643835616438356,0.41320591151714314,0.4252125370502471,0.9711162838861396,-0.04386043648719975,0.9272558473989398,-0.9272558473989398
2025-09-19,2025-09-19T15:00:00.000000,AG2511.SHF,9953.0,15.0,AG2511C10000.SHF,280.0,AG2511P10000.SHF,315.0,15.0,0.00015488698630136986,0.10410958904109589,0.2,0.2,0.4684887749195781,-0.531511225080396,-0.06302245016081798,0.06302245016081798
2025-09-22,2025-09-22T15:00:00.000000,AG2511.SHF,10299.0,15.0,AG2511C10000.SHF,480.5,AG2511P10000.SHF,200.0,15.0,0.00015509041095890412,0.0958904109589041,0.23544045165181157,0.22618639469146729,0.4701412338381297,-0.5304271830112296,-0.06028594917309987,0.06028594917309987
2025-09-23,2025-09-23T15:00:00.000000,AG2511.SHF,10329.0,15.0,AG2511C10000.SHF,506.0,AG2511P10000.SHF,205.0,15.0,0.00015516479452054794,0.09315068493150686,0.2453918358683586,0.26109192952513693,0.6453692844299668,-0.35374110068818765,0.2916281837417791,-0.2916281837417791
2025-09-24,2025-09-24T15:00:00.000000,AG2511.SHF,10373.0,15.0,AG2511C10000.SHF,562.5,AG2511P10000.SHF,180.5,15.0,0.00015564246575342468,0.09041095890410959,0.25420742414891717,0.2782141959667206,0.7247852756550481,-0.27401314693534473,0.4507721287197034,-0.4507721287197034
2025-09-25,2025-09-25T15:00:00.000000,AG2511.SHF,10390.0,15.0,AG2511C10000.SHF,554.0,AG2511P10000.SHF,165.5,15.0,0.00015642602739726028,0.08767123287671233,0.28229432843625546,0.2746398007124662,0.7211463509375385,-0.2744032187081483,0.4467431322293902,-0.4467431322293902
2025-09-26,2025-09-26T15:00:00.000000,AG2511.SHF,10616.0,15.0,AG2511C10000.SHF,740.0,AG2511P10000.SHF,132.5,15.0,0.0001566095890410959,0.08493150684931507,0.2675390633940697,0.26912529312074185,0.72503724987052,-0.27488575342382965,0.45015149644669034,-0.45015149644669034
2025-09-29,2025-09-29T15:00:00.000000,AG2511.SHF,10926.0,15.0,AG2511C10000.SHF,1021.0,AG2511P10000.SHF,105.5,15.0,0.00015645228426395936,0.07671232876712329,0.29132614865899087,0.3010985454916954,0.7947143006456479,-0.2049014722096204,0.5898128284360274,-0.5898128284360274
2025-09-30,2025-09-30T15:00:00.000000,AG2511.SHF,10899.0,15.0,AG2511C10000.SHF,956.0,AG2511P10000.SHF,101.0,15.0,0.00015974720812182743,0.07397260273972603,0.34467055693268767,0.35947274833917614,0.8288744021484534,-0.20286745080242033,0.6260069513460331,-0.6260069513460331
2025-10-09,2025-10-09T15:00:00.000000,AG2511.SHF,11155.0,15.0,AG2511C10000.SHF,1183.5,AG2511P10000.SHF,26.0,15.0,0.00015359898477157363,0.049315068493150684,0.2896326777338981,0.3541298741102217,0.9724786471399655,-0.06751231287472029,0.9049663342652452,-0.9049663342652452
2025-10-10,2025-10-10T15:00:00.000000,AG2511.SHF,11062.0,15.0,AG2511C10000.SHF,1034.0,AG2511P10000.SHF,32.0,15.0,0.00015058781725888325,0.04657534246575343,0.34628384530544276,0.338815836906433,0.9570746051563737,-0.04004937990377823,0.9170252252525954,-0.9170252252525954
2025-10-13,2025-10-13T15:00:00.000000,AG2511.SHF,11514.0,15.0,AG2511C10000.SHF,1428.5,AG2511P10000.SHF,23.5,15.0,0.00014659999999999999,0.038356164383561646,0.01,0.34768425256013874,0.9999999999999898,-0.04323030824997076,0.956769691750019,-0.956769691750019
2025-10-14,2025-10-14T15:00:00.000000,AG2511.SHF,11519.0,15.0,AG2511C10000.SHF,1444.0,AG2511P10000.SHF,29.0,15.0,0.0001441857142857143,0.03561643835616438,0.01,0.4588965037465095,1.0000000000000098,-0.04238947023707205,0.9576105297629377,-0.9576105297629377
2025-10-15,2025-10-15T15:00:00.000000,AG2511.SHF,11953.0,15.0,AG2511C10000.SHF,1742.5,AG2511P10000.SHF,20.0,15.0,0.0001441142857142857,0.03287671232876712,0.01,0.4973410129547118,0.9999999999999701,-0.06676730262396975,0.9332326973760003,-0.9332326973760003
2025-10-16,2025-10-16T15:00:00.000000,AG2511.SHF,12004.0,15.0,AG2511C10000.SHF,1952.0,AG2511P10000.SHF,17.5,15.0,0.00014327142857142858,0.030136986301369864,0.01,0.5737874853610991,0.999999999999981,-0.026252205575117527,0.9737477944248635,-0.9737477944248635
2025-10-17,2025-10-17T15:00:00.000000,AG2511.SHF,12231.0,15.0,AG2511C10000.SHF,2322.5,AG2511P10000.SHF,15.0,15.0,0.00014347142857142859,0.0273972602739726,0.01,0.5972546410560606,1.0000000000000095,-0.0252719924784299,0.9747280075215796,-0.9747280075215796
2025-10-20,2025-10-20T15:00:00.000000,AG2511.SHF,11730.0,15.0,AG2511C10000.SHF,1700.0,AG2511P10000.SHF,7.5,15.0,0.0001418,0.019178082191780823,0.9765093955397603,0.6581606435775756,0.9360990326342256,-0.014713961127408155,0.9213850715068174,-0.9213850715068174
2025-10-21,2025-10-21T15:00:00.000000,AG2511.SHF,11798.0,15.0,AG2511C10000.SHF,1700.0,AG2511P10000.SHF,4.0,15.0,0.00014078333333333333,0.01643835616438356,0.01,0.5806309950351716,1.0000000000000095,-0.008280285421482517,0.991719714578527,-0.991719714578527
2025-10-22,2025-10-22T15:00:00.000000,AG2512.SHF,11404.0,15.0,AG2512C11400.SHF,472.0,AG2512P11400.SHF,471.0,15.0,0.00015584863013698628,0.09041095890410959,0.2,0.2,0.5120494746514981,-0.48795052534850686,0.024098949302991224,-0.024098949302991224
2025-10-23,2025-10-23T15:00:00.000000,AG2512.SHF,11467.0,15.0,AG2512C11400.SHF,468.0,AG2512P11400.SHF,403.0,15.0,0.00015569890410958905,0.08767123287671233,0.344676873087883,0.34699810460209846,0.47593234830843817,-0.5239307367273891,-0.04799838841895093,0.04799838841895093
2025-10-24,2025-10-24T15:00:00.000000,AG2512.SHF,11332.0,15.0,AG2512C11400.SHF,375.5,AG2512P11400.SHF,441.0,15.0,0.00015573547945205477,0.08493150684931507,0.32057405419647694,0.3221769787371158,0.5630420841309435,-0.4368658935874692,0.1261761905434743,-0.1261761905434743
2025-10-27,2025-10-27T15:00:00.000000,AG2512.SHF,11394.0,15.0,AG2512C11400.SHF,389.0,AG2512P11400.SHF,420.0,15.0,0.00015630355329949237,0.07671232876712329,0.3086146960407494,0.306829566732049,0.47262447512927047,-0.5274738949924561,-0.054849419863185644,0.054849419863185644
2025-10-28,2025-10-28T15:00:00.000000,AG2512.SHF,11049.0,15.0,AG2512C11400.SHF,222.5,AG2512P11400.SHF,578.0,15.0,0.0001575730964467005,0.07397260273972603,0.31208794385194777,0.3321311503648757,0.4725044038432968,-0.5264106405103577,-0.0539062366670609,0.0539062366670609
2025-10-29,2025-10-29T15:00:00.000000,AG2512.SHF,11338.0,15.0,AG2512C11400.SHF,348.0,AG2512P11400.SHF,410.0,15.0,0.0001556807106598985,0.07123287671232877,0.3048156176507473,0.3088310169428586,0.38431846248301776,-0.6154768709862559,-0.23115840850323816,0.23115840850323816
2025-10-30,2025-10-30T15:00:00.000000,AG2512.SHF,11253.0,15.0,AG2512C11400.SHF,296.0,AG2512P11400.SHF,443.0,15.0,0.00015450406091370558,0.0684931506849315,0.3118276322633028,0.3119324715435504,0.5607015832808331,-0.4392930075292452,0.12140857575158787,-0.12140857575158787
2025-10-31,2025-10-31T15:00:00.000000,AG2512.SHF,11441.0,15.0,AG2512C11400.SHF,363.5,AG2512P11400.SHF,326.0,15.0,0.00015473908629441623,0.06575342465753424,0.3079316172003745,0.308034039735794,0.471319383470117,-0.5286753921242775,-0.05735600865416052,0.05735600865416052
2025-11-03,2025-11-03T15:00:00.000000,AG2512.SHF,11455.0,15.0,AG2512C11400.SHF,335.5,AG2512P11400.SHF,283.5,15.0,0.00015018324873096448,0.057534246575342465,0.2929623442143201,0.2960693884640932,0.5584555745709,-0.4413974211995371,0.11705815337136288,-0.11705815337136288
2025-11-04,2025-11-04T15:00:00.000000,AG2512.SHF,11238.0,15.0,AG2512C11400.SHF,219.0,AG2512P11400.SHF,383.0,15.0,0.00015028527918781724,0.0547945205479452,0.2803063408285379,0.283150434345007,0.5575347922618302,-0.44233388510260685,0.11520090715922338,-0.11520090715922338
2025-11-05,2025-11-05T15:00:00.000000,AG2512.SHF,11276.0,15.0,AG2512C11400.SHF,215.0,AG2512P11400.SHF,341.0,15.0,0.00014855177664974622,0.052054794520547946,0.27788387291133415,0.27987205326557174,0.3875095906443293,-0.6079708464511424,-0.22046125580681308,0.22046125580681308
2025-11-06,2025-11-06T15:00:00.000000,AG2512.SHF,11427.0,15.0,AG2512C11400.SHF,259.0,AG2512P11400.SHF,240.0,15.0,0.00014734923857868018,0.049315068493150684,0.263899979442358,0.2659306678175926,0.4672563158221996,-0.5326541330785208,-0.06539781725632121,0.06539781725632121
2025-11-07,2025-11-07T15:00:00.000000,AG2512.SHF,11484.0,15.0,AG2512C11400.SHF,283.5,AG2512P11400.SHF,203.0,15.0,0.0001480233502538071,0.04657534246575343,0.24234802730381483,0.2503697964549064,0.554899974756771,-0.4447586020769696,0.1101413726798014,-0.1101413726798014
2025-11-10,2025-11-10T15:00:00.000000,AG2512.SHF,11719.0,15.0,AG2512C11400.SHF,418.0,AG2512P11400.SHF,119.0,15.0,0.0001492,0.038356164383561646,0.2420964782685041,0.2457418635487556,0.5539266278498295,-0.445932538023856,0.10799408982597347,-0.10799408982597347
2025-11-11,2025-11-11T15:00:00.000000,AG2512.SHF,11880.0,15.0,AG2512C11400.SHF,573.0,AG2512P11400.SHF,87.0,15.0,0.00015155714285714286,0.03561643835616438,0.2463988623023033,0.27230667822062965,0.7897974417099335,-0.214429190028781,0.5753682516811525,-0.5753682516811525
2025-11-12,2025-11-12T15:00:00.000000,AG2512.SHF,12073.0,15.0,AG2512C11400.SHF,745.0,AG2512P11400.SHF,62.0,15.0,0.00014925714285714286,0.03287671232876712,0.30477831378579134,0.29559302285313604,0.7910537250271759,-0.2091854536057955,0.5818682714213803,-0.5818682714213803
2025-11-13,2025-11-13T15:00:00.000000,AG2512.SHF,12588.0,15.0,AG2512C11400.SHF,1202.5,AG2512P11400.SHF,30.0,15.0,0.00014888571428571428,0.030136986301369864,0.3467339232563973,0.32732298463583004,0.8500064913279097,-0.15038648813971206,0.6996200031881976,-0.6996200031881976
2025-11-14,2025-11-14T15:00:00.000000,AG2512.SHF,12351.0,15.0,AG2512C11400.SHF,1028.0,AG2512P11400.SHF,32.5,15.0,0.00014855714285714284,0.0273972602739726,0.34421582341194146,0.40436987727880475,0.956255924081064,-0.06828563563949613,0.8879702884415679,-0.8879702884415679
2025-11-17,2025-11-17T15:00:00.000000,AG2512.SHF,11907.0,15.0,AG2512C11400.SHF,576.5,AG2512P11400.SHF,60.0,15.0,0.0001514,0.019178082191780823,0.4784023329615592,0.37053396701812746,0.8507060090468586,-0.1045158666322721,0.7461901424145865,-0.7461901424145865
2025-11-18,2025-11-18T15:00:00.000000,AG2512.SHF,11687.0,15.0,AG2512C11400.SHF,370.0,AG2512P11400.SHF,78.0,15.0,0.00015191666666666668,0.01643835616438356,0.37777165815234176,0.35784134179353705,0.8486232581204827,-0.15167661493860526,0.6969466431818774,-0.6969466431818774
2025-11-19,2025-11-19T15:00:00.000000,AG2601.SHF,12139.0,15.0,AG2601C12100.SHF,505.0,AG2601P12100.SHF,461.5,15.0,0.00015255068493150685,0.09863013698630137,0.2,0.2,0.35787118616552127,-0.6421288138344738,-0.2842576276689526,0.2842576276689526
2025-11-20,2025-11-20T15:00:00.000000,AG2601.SHF,12046.0,15.0,AG2601C12100.SHF,465.0,AG2601P12100.SHF,515.5,15.0,0.0001522595890410959,0.0958904109589041,0.31966609206050645,0.31680990740656856,0.5641434568378209,-0.4360307047159298,0.12811275212189105,-0.12811275212189105
2025-11-21,2025-11-21T15:00:00.000000,AG2601.SHF,11693.0,15.0,AG2601C12100.SHF,290.0,AG2601P12100.SHF,691.0,15.0,0.00015224753424657533,0.09315068493150686,0.3293846014142036,0.32714647330343727,0.47563042713816517,-0.524505609643815,-0.04887518250564982,0.04887518250564982
2025-11-24,2025-11-24T15:00:00.000000,AG2601.SHF,11818.0,15.0,AG2601C12100.SHF,303.0,AG2601P12100.SHF,583.5,15.0,0.00015205753424657535,0.08493150684931507,0.32052076719701295,0.31627195928245777,0.3866310413450388,-0.6136058792271278,-0.22697483788208905,0.22697483788208905
2025-11-25,2025-11-25T15:00:00.000000,AG2601.SHF,12130.0,15.0,AG2601C12100.SHF,434.5,AG2601P12100.SHF,396.0,15.0,0.0001520507614213198,0.0821917808219178,0.308768878430128,0.3077486117929219,0.4732325658646894,-0.5268256416572211,-0.0535930757925317,0.0535930757925317
2025-11-26,2025-11-26T15:00:00.000000,AG2601.SHF,12229.0,15.0,AG2601C12100.SHF,488.5,AG2601P12100.SHF,357.0,15.0,0.0001517964467005076,0.07945205479452055,0.3027737944573164,0.2967240001261233,0.48027770697034455,-0.5200612580789039,-0.039783551108559356,0.039783551108559356
2025-11-27,2025-11-27T15:00:00.000000,AG2601.SHF,12516.0,15.0,AG2601C12100.SHF,705.5,AG2601P12100.SHF,278.0,15.0,0.00015182335025380712,0.07671232876712329,0.306768792271614,0.30504079006612295,0.5613682900245729,-0.43872603512688935,0.12264225489768354,-0.12264225489768354
2025-11-28,2025-11-28T15:00:00.000000,AG2601.SHF,12713.0,15.0,AG2601C12100.SHF,860.0,AG2601P12100.SHF,242.0,15.0,0.00015218730964467006,0.07397260273972603,0.3435446652024984,0.33472488097846503,0.6487969753619031,-0.3516481067706568,0.2971488685912463,-0.2971488685912463
2025-12-01,2025-12-01T15:00:00.000000,AG2601.SHF,13270.0,15.0,AG2601C12100.SHF,1337.0,AG2601P12100.SHF,150.0,15.0,0.00015025837563451775,0.06575342465753424,0.3669975131750106,0.3627793741971253,0.7277087687120297,-0.27247094026075713,0.4552378284512726,-0.4552378284512726
2025-12-02,2025-12-02T15:00:00.000000,AG2601.SHF,13417.0,15.0,AG2601C12100.SHF,1450.0,AG2601P12100.SHF,138.5,15.0,0.00014946040609137054,0.06301369863013699,0.43982653371989716,0.4221580384671688,0.7989067158761334,-0.17965349366509495,0.6192532222110384,-0.6192532222110384
2025-12-03,2025-12-03T15:00:00.000000,AG2601.SHF,13576.0,15.0,AG2601C12100.SHF,1654.5,AG2601P12100.SHF,119.0,15.0,0.00014918020304568528,0.06027397260273973,0.4410420377552509,0.44833823487162583,0.8555561184417017,-0.1442402341241595,0.7113158843175421,-0.7113158843175421
2025-12-04,2025-12-04T15:00:00.000000,AG2601.SHF,13417.0,15.0,AG2601C12100.SHF,1403.5,AG2601P12100.SHF,103.0,15.0,0.00014964822335025382,0.057534246575342465,0.5382452642917634,0.4628911902010441,0.8579117114389341,-0.144131948188478,0.7137797632504561,-0.7137797632504561
2025-12-05,2025-12-05T15:00:00.000000,AG2601.SHF,13678.0,15.0,AG2601C12100.SHF,1370.0,AG2601P12100.SHF,49.0,15.0,0.00015123857868020306,0.0547945205479452,0.39834462106227864,0.4209209913015366,0.8538380633279836,-0.14555706517030778,0.7082809981576759,-0.7082809981576759
2025-12-08,2025-12-08T15:00:00.000000,AG2601.SHF,13692.0,15.0,AG2601C12100.SHF,1480.0,AG2601P12100.SHF,40.0,15.0,0.00015177309644670052,0.04657534246575343,0.01,0.39219126254320136,0.9999999999999833,-0.0671228308243067,0.9328771691756766,-0.9328771691756766
2025-12-09,2025-12-09T15:00:00.000000,AG2601.SHF,13597.0,15.0,AG2601C12100.SHF,1617.0,AG2601P12100.SHF,40.0,15.0,0.00015115837563451777,0.043835616438356165,0.01,0.405114205032587,1.0000000000000082,-0.06711191788122756,0.9328880821187806,-0.9328880821187806
2025-12-10,2025-12-10T15:00:00.000000,AG2601.SHF,14364.0,15.0,AG2601C12100.SHF,2313.0,AG2601P12100.SHF,24.0,15.0,0.00015014010152284262,0.0410958904109589,0.5488802759349347,0.4004682725667953,0.9008236420276557,-0.06734900280684925,0.8334746392208066,-0.8334746392208066
2025-12-11,2025-12-11T15:00:00.000000,AG2601.SHF,14475.0,15.0,AG2601C12100.SHF,2255.5,AG2601P12100.SHF,19.5,15.0,0.00015,0.038356164383561646,0.5770918723940848,0.49655377686023705,0.9347001011802087,-0.04191080068901281,0.892789300491196,-0.892789300491196
2025-12-12,2025-12-12T15:00:00.000000,AG2601.SHF,14886.0,15.0,AG2601C12100.SHF,2727.0,AG2601P12100.SHF,15.0,15.0,0.00015007142857142856,0.03561643835616438,0.01,0.5145179897546767,1.0000000000000158,-0.025322916225894353,0.9746770837741214,-0.9746770837741214
2025-12-15,2025-12-15T15:00:00.000000,AG2601.SHF,14787.0,15.0,AG2601C12100.SHF,2512.5,AG2601P12100.SHF,11.0,15.0,0.00014658571428571428,0.0273972602739726,0.01,0.5712121546268463,0.9999999999999848,-0.008850373080013624,0.9911496269199712,-0.9911496269199712
2025-12-16,2025-12-16T15:00:00.000000,AG2601.SHF,14654.0,15.0,AG2601C12100.SHF,2607.5,AG2601P12100.SHF,12.0,15.0,0.0001452142857142857,0.024657534246575342,0.01,0.6061042565107345,1.0000000000000304,-0.01463889701579389,0.9853611029842365,-0.9853611029842365
2025-12-17,2025-12-17T15:00:00.000000,AG2601.SHF,15497.0,15.0,AG2601C12100.SHF,3186.5,AG2601P12100.SHF,6.0,15.0,0.00014341428571428572,0.021917808219178082,0.8259445914626122,0.6214930200576781,0.9591946629781716,-0.014697728127868747,0.9444969348503028,-0.9444969348503028
2025-12-18,2025-12-18T15:00:00.000000,AG2601.SHF,15505.0,15.0,AG2601C12100.SHF,3345.0,AG2601P12100.SHF,5.0,15.0,0.0001426,0.019178082191780823,0.01,0.7422835278511046,0.9999999999999409,-0.007966272903917965,0.992033727096023,-0.992033727096023
2025-12-19,2025-12-19T15:00:00.000000,AG2601.SHF,15359.0,15.0,AG2601C12100.SHF,2935.0,AG2601P12100.SHF,3.5,15.0,0.00014048,0.01643835616438356,0.01,0.7734349238872529,1.000000000000059,-0.008000871511494046,0.991999128488565,-0.991999128488565
2025-12-22,2025-12-22T15:00:00.000000,AG2602.SHF,16210.0,15.0,AG2602C16200.SHF,929.5,AG2602P16200.SHF,910.5,15.0,0.00015621643835616437,0.0958904109589041,0.2,0.2,0.22632385950794495,-0.7736761404920334,-0.5473522809840884,0.5473522809840884
2025-12-23,2025-12-23T15:00:00.000000,AG2602.SHF,16441.0,15.0,AG2602C16200.SHF,1072.0,AG2602P16200.SHF,813.5,15.0,0.00015689438356164382,0.09315068493150686,0.46336949069052935,0.4589700884371995,0.5281393970973877,-0.4721265466233237,0.05601285047406396,-0.05601285047406396
2025-12-24,2025-12-24T15:00:00.000000,AG2602.SHF,17609.0,15.0,AG2602C16200.SHF,2130.5,AG2602P16200.SHF,691.5,15.0,0.00015798917808219177,0.09041095890410959,0.47527864579111334,0.4665409345179796,0.5727829768536639,-0.42773327802545696,0.1450496988282069,-0.1450496988282069
2025-12-25,2025-12-25T15:00:00.000000,AG2602.SHF,17397.0,15.0,AG2602C16200.SHF,1737.0,AG2602P16200.SHF,545.0,15.0,0.00015844164383561644,0.08767123287671233,0.6467286399006842,0.6311612448096275,0.66683974547847,-0.2570753761209584,0.40976436935751165,-0.40976436935751165
2025-12-26,2025-12-26T15:00:00.000000,AG2602.SHF,18319.0,15.0,AG2602C16200.SHF,2650.0,AG2602P16200.SHF,494.0,15.0,0.00015841534246575342,0.08493150684931507,0.520517447590828,0.5235979298874733,0.7372068290446895,-0.2626465416712753,0.47456028737341416,-0.47456028737341416
2025-12-29,2025-12-29T15:00:00.000000,AG2602.SHF,18205.0,15.0,AG2602C16200.SHF,3945.5,AG2602P16200.SHF,646.0,15.0,0.00015937157360406093,0.07671232876712329,0.6649224583804606,0.6434178699925543,0.7424821778072431,-0.25848200761739687,0.48400017018984626,-0.48400017018984626
2025-12-30,2025-12-30T15:00:00.000000,AG2602.SHF,18140.0,15.0,AG2602C16200.SHF,2396.0,AG2602P16200.SHF,505.0,15.0,0.00016441065989847715,0.07397260273972603,1.4994215860217808,0.7527558910846708,0.7052805764896327,-0.2542020634558833,0.4510785130337494,-0.4510785130337494
2025-12-31,2025-12-31T15:00:00.000000,AG2602.SHF,17103.0,15.0,AG2602C16200.SHF,1526.5,AG2602P16200.SHF,688.0,15.0,0.00016856598984771575,0.07123287671232877,0.6364493048936128,0.6674020089209077,0.8071696810309517,-0.19169920738735097,0.6154704736436007,-0.6154704736436007
2026-01-05,2026-01-05T15:00:00.000000,AG2602.SHF,18260.0,15.0,AG2602C16200.SHF,2304.5,AG2602P16200.SHF,310.5,15.0,0.00015068883248730967,0.057534246575342465,0.5695510132238268,0.6081674300879238,0.8587552492280194,-0.1961435540707785,0.6626116951572409,-0.6626116951572409
2026-01-06,2026-01-06T15:00:00.000000,AG2602.SHF,19457.0,15.0,AG2602C16200.SHF,3450.0,AG2602P16200.SHF,194.5,15.0,0.00015030101522842639,0.0547945205479452,0.5691687449812888,0.6237496518343687,0.8020985208403004,-0.19612609906041206,0.6059724217798883,-0.6059724217798883
2026-01-07,2026-01-07T15:00:00.000000,AG2602.SHF,19287.0,15.0,AG2602C16200.SHF,3050.0,AG2602P16200.SHF,203.0,15.0,0.0001486807106598985,0.052054794520547946,0.703454622775316,0.7050913965702057,0.9000164720378783,-0.10905411525901001,0.7909623567788683,-0.7909623567788683
2026-01-08,2026-01-08T15:00:00.000000,AG2602.SHF,18458.0,15.0,AG2602C16200.SHF,2476.0,AG2602P16200.SHF,216.0,15.0,0.00015007614213197968,0.049315068493150684,0.01,0.7079458390921354,1.0000000000000118,-0.1389498203336758,0.8610501796663359,-0.8610501796663359
2026-01-09,2026-01-09T15:00:00.000000,AG2602.SHF,18757.0,15.0,AG2602C16200.SHF,2650.0,AG2602P16200.SHF,181.0,15.0,0.00014997918781725888,0.04657534246575343,0.6190609296411275,0.6170241326838728,0.8584144236468391,-0.14163494593586626,0.7167794777109728,-0.7167794777109728
2026-01-12,2026-01-12T15:00:00.000000,AG2602.SHF,20957.0,15.0,AG2602C16200.SHF,4770.0,AG2602P16200.SHF,83.5,15.0,0.00014890000000000001,0.038356164383561646,0.5278012792766094,0.6428947188705207,0.9340835589363387,-0.09790510025131573,0.8361784586850229,-0.8361784586850229
2026-01-13,2026-01-13T15:00:00.000000,AG2602.SHF,21030.0,15.0,AG2602C16200.SHF,5156.5,AG2602P16200.SHF,76.5,15.0,0.00015324285714285712,0.03561643835616438,0.6159779787063598,0.8585286279022692,0.9857472209287598,-0.05643347825870982,0.92931374267005,-0.92931374267005
2026-01-14,2026-01-14T15:00:00.000000,AG2602.SHF,22800.0,15.0,AG2602C16200.SHF,6730.0,AG2602P16200.SHF,55.0,15.0,0.0001562142857142857,0.03287671232876712,1.2925442107021805,0.8857705610990524,0.9111514846780949,-0.03915350075259643,0.8719979839254985,-0.8719979839254985
2026-01-15,2026-01-15T15:00:00.000000,AG2602.SHF,22713.0,15.0,AG2602C16200.SHF,5972.0,AG2602P16200.SHF,36.0,15.0,0.0001525,0.030136986301369864,1.2612084896862505,1.0631089836359027,0.96325434216019,-0.022850302764639896,0.9404040393955502,-0.9404040393955502
2026-01-16,2026-01-16T15:00:00.000000,AG2602.SHF,22555.0,15.0,AG2602C16200.SHF,6270.0,AG2602P16200.SHF,18.5,15.0,0.00014811428571428573,0.0273972602739726,0.01,1.0178021645545958,1.0000000000000198,-0.013335156223952802,0.986664843776067,-0.986664843776067
2026-01-19,2026-01-19T15:00:00.000000,AG2602.SHF,23240.0,15.0,AG2602C16200.SHF,6000.0,AG2602P16200.SHF,11.5,15.0,0.00014670000000000002,0.019178082191780823,0.01,0.9469288539886473,1.0000000000000202,-0.0039972788839118065,0.9960027211161084,-0.9960027211161084
2026-01-20,2026-01-20T15:00:00.000000,AG2602.SHF,23112.0,15.0,AG2602C16200.SHF,6770.0,AG2602P16200.SHF,7.0,15.0,0.00014648333333333333,0.01643835616438356,0.01,1.1438972938060765,0.9999999999999607,-0.007501068932835291,0.9924989310671254,-0.9924989310671254
2026-01-21,2026-01-21T15:00:00.000000,AG2603.SHF,23154.0,15.0,AG2603C23200.SHF,1638.5,AG2603P23200.SHF,1624.5,15.0,0.00015761675126903552,0.06301369863013699,0.2,0.2,0.6407523900846581,-0.3592476099153431,0.281504780169315,-0.281504780169315
2026-01-22,2026-01-22T15:00:00.000000,AG2603.SHF,23333.0,15.0,AG2603C23200.SHF,1671.5,AG2603P23200.SHF,1509.5,15.0,0.00015739187817258884,0.06027397260273973,0.7181247754022477,0.6921913538500666,0.49074270938318426,-0.5105299981496693,-0.019787288766485,0.019787288766485
2026-01-23,2026-01-23T15:00:00.000000,AG2603.SHF,24961.0,15.0,AG2603C23200.SHF,2710.0,AG2603P23200.SHF,931.0,15.0,0.00015687705583756345,0.057534246575342465,0.7047609845548868,0.6920449628680946,0.48929058524289604,-0.5113190682833219,-0.022028483040425817,0.022028483040425817
2026-01-26,2026-01-26T15:00:00.000000,AG2603.SHF,27231.0,15.0,AG2603C23200.SHF,4800.0,AG2603P23200.SHF,606.5,15.0,0.0001588474111675127,0.049315068493150684,0.7327038923650979,0.7245249458402396,0.7389922264498958,-0.2613036916825125,0.4776885347673833,-0.4776885347673833
2026-01-27,2026-01-27T15:00:00.000000,AG2603.SHF,28499.0,15.0,AG2603C23200.SHF,5458.5,AG2603P23200.SHF,374.5,15.0,0.0001591069035532995,0.04657534246575343,1.0009821098297835,0.9016780500113963,0.8134328526596464,-0.13484586436759763,0.6785869882920488,-0.6785869882920488
2026-01-28,2026-01-28T15:00:00.000000,AG2603.SHF,29963.0,15.0,AG2603C23200.SHF,6631.0,AG2603P23200.SHF,306.5,15.0,0.00015909563451776653,0.043835616438356165,0.7087870442122219,0.9026352292299268,0.9369228969241093,-0.0925582490461188,0.8443646478779906,-0.8443646478779906
2026-01-29,2026-01-29T15:00:00.000000,AG2603.SHF,32042.0,15.0,AG2603C23200.SHF,9400.0,AG2603P23200.SHF,211.5,15.0,0.00015886243654822336,0.0410958904109589,0.01,1.009705268740654,0.9999999999999689,-0.09126165503709321,0.9087383449628756,-0.9087383449628756
2026-01-30,2026-01-30T15:00:00.000000,AG2603.SHF,28190.0,15.0,AG2603C23200.SHF,6466.5,AG2603P23200.SHF,457.5,15.0,0.0001598,0.038356164383561646,1.46071070112288,1.1148119032382964,0.9152455057855786,-0.058857819044109756,0.8563876867414688,-0.8563876867414688
2026-02-02,2026-02-02T15:00:00.000000,AG2603.SHF,25520.0,15.0,AG2603C23200.SHF,3381.0,AG2603P23200.SHF,5367.5,15.0,0.00014987142857142855,0.030136986301369864,1.7053883526474238,1.029076323658228,0.685660559632145,-0.25842465615931803,0.42723590347282697,-0.42723590347282697
2026-02-03,2026-02-03T15:00:00.000000,AG2603.SHF,21750.0,15.0,AG2603C23200.SHF,1074.0,AG2603P23200.SHF,2507.5,15.0,0.00014978571428571428,0.0273972602739726,1.1981115078181026,2.0,0.4068628752097309,-0.567131462447502,-0.1602685872377711,0.1602685872377711
2026-02-04,2026-02-04T15:00:00.000000,AG2603.SHF,23862.0,15.0,AG2603C23200.SHF,1752.5,AG2603P23200.SHF,1295.5,15.0,0.00015044285714285713,0.024657534246575342,1.145234139189124,1.1335186053812505,0.4914351153908359,-0.5089327962710464,-0.017497680880210476,0.017497680880210476
2026-02-05,2026-02-05T15:00:00.000000,AG2603.SHF,20888.0,15.0,AG2603C23200.SHF,680.0,AG2603P23200.SHF,3122.5,15.0,0.00014854285714285714,0.021917808219178082,0.9482069116830825,1.0882349900156258,0.5722549372844032,-0.4236703297250722,0.14858460755933106,-0.14858460755933106
2026-02-06,2026-02-06T15:00:00.000000,AG2603.SHF,19442.0,15.0,AG2603C23200.SHF,423.0,AG2603P23200.SHF,3812.0,15.0,0.0001435,0.019178082191780823,1.2080093826353546,1.3255894006043674,0.24245449815925732,-0.7549877651173109,-0.5125332669580536,0.5125332669580536
2026-02-09,2026-02-09T15:00:00.000000,AG2603.SHF,21193.0,15.0,AG2603C23200.SHF,508.5,AG2603P23200.SHF,3371.5,15.0,0.00013874999999999998,0.010958904109589041,1.430117469355464,0.798695274591446,0.17587208227630283,-0.9493313952692973,-0.7734593129929945,0.7734593129929945
2026-02-10,2026-02-10T15:00:00.000000,AG2603.SHF,20608.0,15.0,AG2603C23200.SHF,95.5,AG2603P23200.SHF,2190.0,15.0,0.00014183333333333333,0.00821917808219178,1.368744946122169,2.0,0.2242224874575166,-0.6799972446494746,-0.45577475719195804,0.45577475719195804
2026-02-11,2026-02-11T15:00:00.000000,AG2603.SHF,21238.0,15.0,AG2603C23200.SHF,100.0,AG2603P23200.SHF,2383.5,15.0,0.00013921666666666667,0.005479452054794521,1.0190618965029719,0.01,0.07818852855529375,-1.000000000000022,-0.9218114714447282,0.9218114714447282
2026-02-12,2026-02-12T15:00:00.000000,AG2603.SHF,20835.0,15.0,AG2603C23200.SHF,18.0,AG2603P23200.SHF,1800.0,15.0,0.00013680000000000002,0.0027397260273972603,1.020768622457981,1.7516839168965816,0.11434968452050569,-0.769235960597272,-0.6548862760767663,0.6548862760767663
2026-02-13,2026-02-13T15:00:00.000000,AG2603.SHF,20195.0,15.0,AG2603C23200.SHF,1.0,AG2603P23200.SHF,3672.0,15.0,0.0001271,0.0027397260273972603,1.1388493514060976,0.01,0.030320701985540526,-0.9999999999999558,-0.9696792980144153,0.9696792980144153
2026-02-24,2026-02-24T15:00:00.000000,AG2603.SHF,22618.0,15.0,AG2605C22600.SHF,2763.0,AG2605P22600.SHF,3561.5,15.0,0.00015631561643835617,0.16164383561643836,0.2,0.2,0.4716825207157371,-0.5283174792842783,-0.05663495856854123,0.05663495856854123
2026-02-25,2026-02-25T15:00:00.000000,AG2603.SHF,23200.0,15.0,AG2605C22600.SHF,3312.0,AG2605P22600.SHF,3360.5,15.0,0.00015626052054794521,0.1589041095890411,0.7645266541838645,0.9941293112561105,0.5164496128518294,-0.4652859816533794,0.05116363119845002,-0.05116363119845002
2026-02-26,2026-02-26T15:00:00.000000,AG2603.SHF,22748.0,15.0,AG2605C22600.SHF,3169.0,AG2605P22600.SHF,2703.0,15.0,0.00015608372602739725,0.15616438356164383,0.8260529150068759,1.007909664399922,0.6085288764969354,-0.37770424182549694,0.2308246346714385,-0.2308246346714385
2026-02-27,2026-02-27T15:00:00.000000,AG2603.SHF,23220.0,15.0,AG2605C22600.SHF,2333.0,AG2605P22600.SHF,2578.5,15.0,0.00015579904109589042,0.15342465753424658,0.8709293978288768,0.7806434287503363,0.5237136005058883,-0.4833493597213292,0.040364240784559136,-0.040364240784559136
2026-03-02,2026-03-02T15:00:00.000000,AG2603.SHF,24690.0,15.0,AG2605C22600.SHF,3001.5,AG2605P22600.SHF,2263.5,15.0,0.00015566079452054794,0.14520547945205478,0.5602200207486747,0.8051444026455281,0.586621827042669,-0.3952579149557221,0.19136391208694686,-0.19136391208694686
2026-03-03,2026-03-03T15:00:00.000000,AG2603.SHF,21881.0,15.0,AG2605C22600.SHF,2895.0,AG2605P22600.SHF,3115.5,15.0,0.0001555321917808219,0.14246575342465753,0.4918608142435549,0.8952824906632302,0.7427400111990256,-0.30690790432861303,0.4358321068704125,-0.4358321068704125
2026-03-04,2026-03-04T15:00:00.000000,AG2603.SHF,22118.0,15.0,AG2605C22600.SHF,2180.0,AG2605P22600.SHF,3152.5,15.0,0.00015522294520547945,0.13972602739726028,0.9707634586840868,0.819400068707764,0.5280482358831489,-0.4832488615110189,0.04479937437212994,-0.04479937437212994
2026-03-05,2026-03-05T15:00:00.000000,AG2603.SHF,21992.0,15.0,AG2605C22600.SHF,1949.5,AG2605P22600.SHF,3427.5,15.0,0.0001550405479452055,0.136986301369863,0.7241222093999385,0.8735265608131884,0.5090995136929363,-0.47985028788140094,0.02924922581153533,-0.02924922581153533
2026-03-06,2026-03-06T15:00:00.000000,AG2603.SHF,22150.0,15.0,AG2605C22600.SHF,1781.0,AG2605P22600.SHF,3458.0,15.0,0.00015457017808219177,0.13424657534246576,0.6802159124799072,0.948575702495873,0.5053441619341913,-0.4750091643961402,0.03033499753805108,-0.03033499753805108
